family,label,log10,d,L1,L2,Tail,H2,keff,dL1,dTail,null_source
factorial,8!,4.605521,5,0.45754,0.207195,0.335265,0.308977,1.830047,-0.207252,0.231683,empirical
factorial,9!,5.559763,6,0.379011,0.343267,0.277722,0.300392,1.835613,-0.27583,0.161102,empirical
factorial,10!,6.559763,7,0.367123,0.290938,0.341939,0.281437,1.92913,-0.282152,0.216478,empirical
factorial,11!,7.601156,8,0.316826,0.251078,0.432096,0.228373,2.346193,-0.328046,0.299673,empirical
factorial,12!,8.680337,9,0.346795,0.274829,0.378376,0.245606,2.1709,-0.29699,0.242462,empirical
factorial,13!,9.79428,10,0.307353,0.243571,0.449076,0.205851,2.566575,-0.33334,0.30865,empirical
factorial,14!,10.940408,11,0.30267,0.218055,0.479276,0.198779,2.645905,-0.33672,0.336511,empirical
factorial,15!,12.1165,13,0.273291,0.236267,0.490442,0.195759,2.662464,-0.363587,0.343324,empirical
factorial,16!,13.32062,14,0.338982,0.214909,0.446109,0.215081,2.414481,-0.2965,0.296868,empirical
factorial,17!,14.551069,15,0.310317,0.196737,0.492946,0.187394,2.767881,-0.325258,0.343319,empirical
factorial,18!,15.806341,16,0.304718,0.241483,0.453798,0.195568,2.644261,-0.329831,0.302314,empirical
factorial,19!,17.085095,18,0.281911,0.223409,0.494679,0.172991,2.97429,-0.350862,0.34131,empirical
factorial,20!,18.386125,19,0.294708,0.207601,0.497691,0.17772,2.895427,-0.338217,0.338221,extrapolated
factorial,21!,19.708344,20,0.274936,0.217882,0.507182,0.173831,2.956019,-0.357559,0.346202,extrapolated
factorial,22!,21.050767,22,0.271704,0.203987,0.524309,0.167275,3.064337,-0.360049,0.360723,extrapolated
factorial,23!,22.412494,23,0.255196,0.191594,0.553211,0.151258,3.385218,-0.376234,0.388492,extrapolated
factorial,24!,23.792706,24,0.278348,0.200533,0.521119,0.161548,3.166481,-0.352786,0.355362,extrapolated
factorial,25!,25.190646,26,0.262902,0.189404,0.547694,0.159514,3.201301,-0.367709,0.380099,extrapolated
factorial,26!,26.605619,27,0.260234,0.179331,0.560435,0.154018,3.312974,-0.370144,0.392023,extrapolated
factorial,27!,28.036983,29,0.246948,0.221228,0.531823,0.158675,3.21127,-0.383012,0.361947,extrapolated
factorial,28!,29.484141,30,0.255247,0.21037,0.534383,0.159239,3.197897,-0.374526,0.363847,extrapolated
factorial,29!,30.946539,31,0.243186,0.200429,0.556386,0.146778,3.467364,-0.386412,0.385234,extrapolated
factorial,30!,32.42366,33,0.241391,0.206013,0.552596,0.149993,3.389432,-0.387887,0.380323,extrapolated
factorial,31!,33.915022,34,0.230776,0.196954,0.57227,0.139025,3.655049,-0.398357,0.399486,extrapolated
factorial,32!,35.420172,36,0.263464,0.188585,0.547952,0.148047,3.429276,-0.365402,0.374231,extrapolated
factorial,33!,36.938686,37,0.252633,0.193749,0.553618,0.144937,3.501414,-0.37611,0.379467,extrapolated
factorial,34!,38.470165,39,0.250401,0.186036,0.563564,0.140554,3.607883,-0.378116,0.388618,extrapolated
factorial,35!,40.014233,41,0.240738,0.178857,0.580405,0.138507,3.658693,-0.387575,0.404742,extrapolated
factorial,36!,41.570535,42,0.246209,0.195116,0.558676,0.143683,3.525774,-0.38201,0.38268,extrapolated
factorial,37!,43.138737,44,0.237258,0.188023,0.574719,0.134748,3.757343,-0.390783,0.398103,extrapolated
factorial,38!,44.71852,45,0.235608,0.18138,0.583011,0.130975,3.864498,-0.392351,0.406106,extrapolated
factorial,39!,46.309585,47,0.227513,0.185452,0.587035,0.128738,3.929616,-0.400291,0.409587,extrapolated
factorial,40!,47.911645,48,0.238755,0.17925,0.581995,0.132536,3.816083,-0.388977,0.404293,extrapolated
factorial,41!,49.524429,50,0.23098,0.173413,0.595607,0.125105,4.04091,-0.396616,0.417427,extrapolated
factorial,42!,51.147678,52,0.229535,0.177238,0.593227,0.12618,4.004793,-0.397936,0.414606,extrapolated
factorial,43!,52.781147,53,0.222431,0.171753,0.605816,0.119449,4.229638,-0.40498,0.426987,extrapolated
factorial,44!,54.424599,55,0.226777,0.166566,0.606657,0.119802,4.215594,-0.400522,0.427435,extrapolated
factorial,45!,56.077812,57,0.220091,0.178672,0.601237,0.121585,4.152307,-0.407104,0.421648,extrapolated
factorial,46!,57.74057,58,0.218967,0.173527,0.607506,0.118608,4.255829,-0.408179,0.427745,extrapolated
factorial,47!,59.412668,60,0.212804,0.168643,0.618553,0.112818,4.47284,-0.414248,0.438461,extrapolated
factorial,48!,61.093909,62,0.226657,0.171812,0.601531,0.117863,4.280127,-0.400307,0.421131,extrapolated
factorial,49!,62.784105,63,0.220556,0.167187,0.612258,0.116675,4.323077,-0.406367,0.431712,extrapolated
factorial,50!,64.483075,65,0.219413,0.162782,0.617805,0.117805,4.280482,-0.407429,0.436979,extrapolated
factorial,51!,66.190645,67,0.213752,0.165791,0.620457,0.115871,4.350821,-0.413015,0.439367,extrapolated
factorial,52!,67.906648,68,0.217217,0.161601,0.621182,0.115745,4.35501,-0.409515,0.439967,extrapolated
factorial,53!,69.630924,70,0.211838,0.157599,0.630563,0.110697,4.552565,-0.414825,0.449106,extrapolated
factorial,54!,71.363318,72,0.210914,0.173831,0.615255,0.11372,4.43057,-0.415684,0.433572,extrapolated
factorial,55!,73.103681,74,0.205893,0.169693,0.624415,0.112482,4.478421,-0.420644,0.442516,extrapolated
factorial,56!,74.851869,75,0.213149,0.165729,0.621122,0.114454,4.400825,-0.413358,0.43912,extrapolated
factorial,57!,76.607744,77,0.208263,0.168159,0.623578,0.112717,4.467813,-0.418187,0.441377,extrapolated
factorial,58!,78.371172,79,0.207418,0.164375,0.628206,0.110324,4.563863,-0.418979,0.445817,extrapolated
factorial,59!,80.142024,81,0.202835,0.160743,0.636422,0.105991,4.74964,-0.423511,0.453853,extrapolated
factorial,60!,81.920175,82,0.205782,0.163078,0.63114,0.108242,4.650494,-0.42054,0.448485,extrapolated
factorial,61!,83.705505,84,0.201393,0.1596,0.639007,0.104128,4.83342,-0.424881,0.456186,extrapolated
factorial,62!,85.497896,86,0.200692,0.156254,0.643054,0.102122,4.927638,-0.425537,0.460074,extrapolated
factorial,63!,87.297237,88,0.196555,0.163964,0.639481,0.103201,4.875396,-0.429631,0.456349,extrapolated
factorial,64!,89.103417,90,0.212841,0.160641,0.626518,0.107278,4.689484,-0.413303,0.443242,extrapolated
factorial,65!,90.91633,91,0.208597,0.157437,0.633965,0.106107,4.740897,-0.417527,0.450619,extrapolated
factorial,66!,92.735874,93,0.20775,0.159493,0.632756,0.106324,4.730599,-0.418335,0.449274,extrapolated
factorial,67!,94.561949,95,0.203739,0.156413,0.639848,0.10263,4.900252,-0.42231,0.456236,extrapolated
factorial,68!,96.394458,97,0.206111,0.15344,0.640449,0.102442,4.908697,-0.419902,0.456713,extrapolated
factorial,69!,98.233307,99,0.202253,0.155425,0.642322,0.101089,4.973794,-0.423726,0.458467,extrapolated
factorial,70!,100.078405,101,0.201532,0.152559,0.645909,0.101609,4.947802,-0.424415,0.461939,extrapolated
factorial,71!,101.929663,102,0.197872,0.149788,0.65234,0.098282,5.115045,-0.428059,0.468314,extrapolated
factorial,72!,103.786996,104,0.203032,0.156302,0.640666,0.101043,4.974755,-0.422868,0.456532,extrapolated
factorial,73!,105.650319,106,0.199451,0.153545,0.647003,0.097821,5.13808,-0.426419,0.462765,extrapolated
factorial,74!,107.51955,108,0.198784,0.150876,0.65034,0.096193,5.224548,-0.427058,0.466002,extrapolated
factorial,75!,109.394612,110,0.195376,0.152651,0.651972,0.097012,5.179942,-0.430438,0.467537,extrapolated
factorial,76!,111.275425,112,0.197485,0.150071,0.652444,0.096793,5.191229,-0.428303,0.467916,extrapolated
factorial,77!,113.161916,114,0.194192,0.147569,0.658238,0.095976,5.234946,-0.43157,0.473621,extrapolated
factorial,78!,115.054011,116,0.193615,0.14929,0.657095,0.096104,5.227555,-0.432122,0.472391,extrapolated
factorial,79!,116.951638,117,0.190474,0.146867,0.662659,0.093274,5.385952,-0.435252,0.477912,extrapolated
factorial,80!,118.854728,119,0.197555,0.144516,0.657929,0.09549,5.2605,-0.428147,0.473101,extrapolated
factorial,81!,120.763213,121,0.194433,0.158035,0.647532,0.097241,5.165383,-0.431247,0.462623,extrapolated
factorial,82!,122.677027,123,0.193853,0.15557,0.650577,0.095695,5.24847,-0.431804,0.465591,extrapolated
factorial,83!,124.596105,125,0.190868,0.153174,0.655959,0.093007,5.399765,-0.434769,0.470898,extrapolated
factorial,84!,126.520384,127,0.192723,0.154615,0.652661,0.094278,5.326584,-0.432892,0.467529,extrapolated
factorial,85!,128.449803,129,0.189828,0.152293,0.657879,0.093448,5.373551,-0.435767,0.472676,extrapolated
factorial,86!,130.384301,131,0.189321,0.150033,0.660646,0.092035,5.455674,-0.436256,0.475376,extrapolated
factorial,87!,132.323821,133,0.186546,0.15144,0.662014,0.091047,5.514552,-0.439012,0.476678,extrapolated
factorial,88!,134.268303,135,0.19057,0.149247,0.660183,0.091849,5.466025,-0.434969,0.474783,extrapolated
factorial,89!,136.217693,137,0.187843,0.147111,0.665046,0.089444,5.612679,-0.437679,0.479584,extrapolated
factorial,90!,138.171936,139,0.187365,0.151936,0.660699,0.090844,5.525889,-0.43814,0.475177,extrapolated
factorial,91!,140.130977,141,0.184746,0.149812,0.665442,0.090125,5.569646,-0.440743,0.479862,extrapolated
factorial,92!,142.094765,143,0.186429,0.147742,0.665829,0.089856,5.586023,-0.439043,0.480191,extrapolated
factorial,93!,144.063248,145,0.183882,0.149035,0.667083,0.088929,5.643937,-0.441574,0.48139,extrapolated
factorial,94!,146.036376,147,0.183459,0.147021,0.66952,0.087688,5.723546,-0.441982,0.483773,extrapolated
factorial,95!,148.014099,149,0.181008,0.145057,0.673936,0.086991,5.769114,-0.444418,0.488137,extrapolated
factorial,96!,149.996371,150,0.18865,0.146321,0.665029,0.089313,5.618984,-0.436769,0.479205,extrapolated
factorial,97!,151.983142,152,0.186184,0.144408,0.669408,0.087164,5.757233,-0.43922,0.483533,extrapolated
factorial,98!,153.974368,154,0.185731,0.14254,0.671728,0.087454,5.737871,-0.439659,0.485804,extrapolated
factorial,99!,155.970004,156,0.183355,0.146835,0.66981,0.087747,5.718414,-0.442022,0.483839,extrapolated
factorial,100!,157.970004,158,0.184845,0.144976,0.67018,0.088735,5.654503,-0.440519,0.484161,extrapolated
factorial,101!,159.974325,160,0.182529,0.143159,0.674312,0.086682,5.788147,-0.442822,0.488248,extrapolated
factorial,102!,161.982925,162,0.182124,0.14433,0.673547,0.086696,5.78701,-0.443214,0.487439,extrapolated
factorial,103!,163.995762,164,0.179888,0.142558,0.677553,0.084731,5.920933,-0.445437,0.491402,extrapolated
factorial,104!,166.012796,167,0.183143,0.140826,0.676031,0.085323,5.879505,-0.442165,0.489817,extrapolated
factorial,105!,168.033985,169,0.18094,0.141972,0.677089,0.085764,5.84908,-0.444356,0.490834,extrapolated
factorial,106!,170.059291,171,0.180555,0.140281,0.679164,0.084678,5.923877,-0.44473,0.49287,extrapolated
factorial,107!,172.088675,173,0.178426,0.138627,0.682948,0.082831,6.055694,-0.446848,0.496615,extrapolated
factorial,108!,174.122098,175,0.1798,0.145228,0.674972,0.084459,5.938737,-0.445463,0.488601,extrapolated
factorial,109!,176.159525,177,0.17772,0.143548,0.678731,0.082651,6.068475,-0.447532,0.492324,extrapolated
factorial,110!,178.200918,179,0.177374,0.141904,0.680722,0.082798,6.05748,-0.447869,0.494278,extrapolated
factorial,111!,180.246241,181,0.175361,0.142941,0.681698,0.082058,6.111913,-0.449871,0.495219,extrapolated
factorial,112!,182.295459,183,0.179995,0.141334,0.678671,0.08331,6.019866,-0.445227,0.492157,extrapolated
factorial,113!,184.348537,185,0.17799,0.13976,0.68225,0.081588,6.146666,-0.447222,0.495702,extrapolated
factorial,114!,186.405442,187,0.177641,0.140777,0.681581,0.081601,6.145546,-0.447562,0.495,extrapolated
factorial,115!,188.46614,189,0.175699,0.139238,0.685063,0.081025,6.189029,-0.449495,0.49845,extrapolated
factorial,116!,190.530598,191,0.176955,0.137729,0.685315,0.080799,6.206122,-0.44823,0.49867,extrapolated
factorial,117!,192.598784,193,0.175055,0.141205,0.68374,0.081017,6.189285,-0.450121,0.497064,extrapolated
factorial,118!,194.670666,195,0.174738,0.139702,0.68556,0.080088,6.260901,-0.450429,0.498853,extrapolated
factorial,119!,196.746213,197,0.172895,0.138228,0.688877,0.079598,6.299239,-0.452264,0.50214,extrapolated
factorial,120!,198.825394,199,0.175629,0.139183,0.685189,0.080859,6.200848,-0.449522,0.498423,extrapolated
central_binomial,"C(20,10)",5.266599,6,0.242804,0.233633,0.523563,0.210443,2.620206,-0.412037,0.406943,empirical
central_binomial,"C(40,20)",11.139396,12,0.14078,0.133882,0.725338,0.108614,4.824062,-0.497923,0.580208,empirical
central_binomial,"C(60,30)",17.072855,18,0.103723,0.100995,0.795282,0.086645,5.938316,-0.52905,0.641913,empirical
central_binomial,"C(80,40)",23.031438,24,0.082393,0.080903,0.836704,0.071342,7.170276,-0.548741,0.670946,extrapolated
central_binomial,"C(100,50)",29.003854,30,0.0685,0.067211,0.864288,0.058078,8.768048,-0.561273,0.693753,extrapolated
central_binomial,"C(120,60)",34.985044,35,0.058684,0.058237,0.883078,0.050143,10.129216,-0.570311,0.709813,extrapolated
central_binomial,"C(140,70)",40.9723,41,0.052304,0.05215,0.895546,0.045164,11.220393,-0.576009,0.719883,extrapolated
central_binomial,"C(160,80)",46.964001,47,0.046757,0.046397,0.906846,0.039694,12.744706,-0.581047,0.729398,extrapolated
central_binomial,"C(180,90)",52.9591,53,0.042539,0.04226,0.915201,0.036976,13.663474,-0.584872,0.736372,extrapolated
central_binomial,"C(200,100)",58.956881,59,0.038992,0.038918,0.92209,0.034453,14.648933,-0.588106,0.742161,extrapolated
central_binomial,"C(220,110)",64.956834,65,0.035782,0.03539,0.928828,0.029892,16.869171,-0.59106,0.748001,extrapolated
central_binomial,"C(240,120)",70.958581,71,0.033518,0.033363,0.933119,0.029382,17.149794,-0.593112,0.751548,extrapolated
central_binomial,"C(260,130)",76.961835,77,0.031313,0.03118,0.937507,0.026985,18.662401,-0.595137,0.755306,extrapolated
central_binomial,"C(280,140)",82.966372,83,0.029439,0.029325,0.941236,0.025678,19.602128,-0.596858,0.758497,extrapolated
central_binomial,"C(300,150)",88.972016,89,0.027726,0.027659,0.944614,0.024569,20.477507,-0.598438,0.76141,extrapolated
central_binomial,"C(320,160)",94.978624,95,0.026333,0.026275,0.947392,0.022924,21.938672,-0.599716,0.763781,extrapolated
central_binomial,"C(340,170)",100.98608,101,0.025029,0.024952,0.950018,0.021691,23.177163,-0.600917,0.766048,extrapolated
central_binomial,"C(360,180)",106.994286,107,0.023881,0.023812,0.952307,0.02112,23.796731,-0.601975,0.768019,extrapolated
central_binomial,"C(380,190)",113.003161,114,0.022819,0.022758,0.954423,0.019803,25.371709,-0.602943,0.769805,extrapolated
central_binomial,"C(400,200)",119.012637,120,0.021836,0.021762,0.956402,0.019069,26.341348,-0.603855,0.771533,extrapolated
central_binomial,"C(420,210)",125.022655,126,0.020974,0.02089,0.958136,0.018132,27.696824,-0.604652,0.77304,extrapolated
central_binomial,"C(440,220)",131.033165,132,0.020166,0.020121,0.959713,0.017737,28.307177,-0.605401,0.774409,extrapolated
central_binomial,"C(460,230)",137.044123,138,0.019409,0.019353,0.961238,0.017238,29.122387,-0.606104,0.775745,extrapolated
central_binomial,"C(480,240)",143.055491,144,0.018736,0.018659,0.962604,0.016589,30.255839,-0.606728,0.776939,extrapolated
central_binomial,"C(500,250)",149.067236,150,0.0181,0.018053,0.963847,0.015995,31.375719,-0.607319,0.778023,extrapolated
central_binomial,"C(520,260)",155.079327,156,0.017454,0.017421,0.965126,0.015374,32.637805,-0.607923,0.779154,extrapolated
central_binomial,"C(540,270)",161.09174,162,0.016906,0.016875,0.966218,0.014998,33.452832,-0.608432,0.780111,extrapolated
central_binomial,"C(560,280)",167.10445,168,0.016432,0.016385,0.967183,0.014352,34.953687,-0.60887,0.780949,extrapolated
central_binomial,"C(580,290)",173.117436,174,0.01595,0.015924,0.968127,0.01404,35.726459,-0.609319,0.781775,extrapolated
central_binomial,"C(600,300)",179.130681,180,0.015505,0.015481,0.969014,0.01367,36.690291,-0.609732,0.782553,extrapolated
binomial,"C(50,5)",6.326082,7,0.267179,0.264318,0.468503,0.220171,2.465933,-0.382096,0.343042,empirical
binomial,"C(50,10)",10.011667,11,0.168823,0.167015,0.664162,0.144063,3.650838,-0.470567,0.521397,empirical
binomial,"C(50,25)",14.101784,15,0.119857,0.118574,0.76157,0.104149,4.980243,-0.515718,0.611943,empirical
binomial,"C(100,5)",7.876723,8,0.252233,0.214581,0.533186,0.186212,2.877401,-0.392639,0.400763,empirical
binomial,"C(100,10)",13.238305,14,0.150078,0.127675,0.722248,0.10809,4.804393,-0.485404,0.573007,empirical
binomial,"C(100,25)",23.384746,24,0.08496,0.083362,0.831678,0.069078,7.405192,-0.546174,0.665921,extrapolated
binomial,"C(100,50)",29.003854,30,0.0685,0.067211,0.864288,0.058078,8.768048,-0.561273,0.693753,extrapolated
binomial,"C(200,5)",9.404089,10,0.244452,0.243986,0.511561,0.181173,2.916176,-0.396241,0.371135,empirical
binomial,"C(200,10)",16.351236,17,0.140592,0.140324,0.719084,0.114889,4.492434,-0.493415,0.566822,empirical
binomial,"C(200,25)",31.655303,32,0.072621,0.072483,0.854896,0.059788,8.507619,-0.556812,0.683166,extrapolated
binomial,"C(200,50)",47.65692,48,0.048238,0.048145,0.903617,0.041745,12.115826,-0.579494,0.725915,extrapolated
binomial,"C(300,5)",10.291876,11,0.211156,0.152373,0.636472,0.138918,3.786046,-0.428234,0.493707,empirical
binomial,"C(300,10)",18.145607,19,0.135948,0.119764,0.744288,0.091739,5.609131,-0.496976,0.584817,extrapolated
binomial,"C(300,25)",36.290761,37,0.067975,0.06756,0.864465,0.051452,9.86332,-0.560768,0.690314,extrapolated
binomial,"C(300,50)",57.493142,58,0.042907,0.042803,0.91429,0.036101,13.982155,-0.584238,0.734528,extrapolated
multinomial_real_margins,domain_channels(N=18951),7262.709807,7263,0.002793,0.002761,0.994447,0.000885,564.966262,-0.62156,0.804879,extrapolated
multinomial_real_margins,domain_families(N=367),346.064806,347,0.034188,0.033089,0.932723,0.017989,27.839233,-0.590612,0.744728,extrapolated
multinomial_real_margins,family_margins_N50(N=50),49.265294,50,0.137232,0.125902,0.736866,0.088632,5.703774,-0.490364,0.558686,extrapolated
multinomial_real_margins,family_margins_N200(N=200),242.588177,243,0.070805,0.06627,0.862925,0.035821,13.990249,-0.554197,0.675638,extrapolated
multinomial_real_margins,family_margins_N1000(N=1000),1322.845708,1323,0.031379,0.029356,0.939265,0.011157,44.832803,-0.593074,0.750052,extrapolated
multinomial_real_margins,family_margins_N5000(N=5000),7075.893915,7076,0.015239,0.015114,0.969647,0.003442,145.279949,-0.609114,0.780082,extrapolated
GL_order,"GL(2,2)",0.778151,1,0.613147,0.386853,-0.0,0.525605,1.78965,-0.338454,-0.0,empirical
GL_order,"GL(3,2)",2.225309,3,0.405827,0.379767,0.214407,0.354888,1.757768,-0.302089,0.157475,empirical
GL_order,"GL(4,2)",4.304491,5,0.419604,0.221685,0.358711,0.290125,1.948966,-0.245188,0.255129,empirical
GL_order,"GL(5,2)",6.999972,7,0.430045,0.213053,0.356903,0.273459,1.985408,-0.21923,0.231442,empirical
GL_order,"GL(6,2)",10.304463,11,0.438203,0.18521,0.376587,0.278777,1.886637,-0.201187,0.233822,empirical
GL_order,"GL(2,3)",1.681241,2,0.716209,0.283791,-0.0,0.593493,1.180544,-0.050748,-0.017104,empirical
GL_order,"GL(3,3)",4.050457,5,0.3716,0.353383,0.275017,0.338601,1.669941,-0.293192,0.171435,empirical
GL_order,"GL(4,3)",7.384911,8,0.387646,0.366866,0.245489,0.316571,1.692539,-0.257226,0.113066,empirical
GL_order,"GL(5,3)",11.677211,12,0.408592,0.257793,0.333616,0.277901,1.885424,-0.230111,0.188486,empirical
GL_order,"GL(6,3)",16.924949,17,0.422856,0.23122,0.345924,0.26894,1.919131,-0.211151,0.193662,empirical
GL_order,"GL(2,4)",2.255273,3,0.423116,0.309927,0.266957,0.346348,1.80111,-0.2848,0.210025,empirical
GL_order,"GL(3,4)",5.258733,6,0.362917,0.343463,0.29362,0.293168,1.880842,-0.291924,0.177,empirical
GL_order,"GL(4,4)",9.471453,10,0.381394,0.251873,0.366732,0.255524,2.067634,-0.259299,0.226306,empirical
GL_order,"GL(5,4)",14.889569,15,0.40435,0.192264,0.403386,0.234254,2.2142,-0.231225,0.253759,empirical
GL_order,"GL(6,4)",21.512123,22,0.419805,0.177433,0.402761,0.236496,2.167423,-0.211947,0.239176,extrapolated
GL_order,"GL(2,5)",2.681241,3,0.561363,0.260689,0.177948,0.414753,1.504055,-0.146553,0.121016,empirical
GL_order,"GL(3,5)",6.172603,7,0.341381,0.339712,0.318906,0.296296,1.832386,-0.307894,0.193445,empirical
GL_order,"GL(4,5)",11.064698,12,0.379027,0.29927,0.321703,0.268964,1.948069,-0.259676,0.176573,empirical
GL_order,"GL(5,5)",17.355289,18,0.402742,0.225487,0.371771,0.242551,2.121307,-0.230031,0.218402,empirical
GL_order,"GL(6,5)",25.043931,26,0.418646,0.192321,0.389032,0.242555,2.105302,-0.211964,0.221437,extrapolated
GL_order,"GL(2,7)",3.304491,4,0.455486,0.288771,0.255742,0.356261,1.641867,-0.22314,0.170005,empirical
GL_order,"GL(3,7)",7.528713,8,0.33675,0.253494,0.409756,0.264064,2.029086,-0.308122,0.277333,empirical
GL_order,"GL(4,7)",13.444218,14,0.377158,0.246301,0.376541,0.254258,2.042447,-0.258324,0.2273,empirical
GL_order,"GL(5,7)",21.050075,22,0.40147,0.171608,0.426922,0.244043,2.100398,-0.230282,0.263336,extrapolated
GL_order,"GL(6,7)",30.346149,31,0.417729,0.158718,0.423553,0.240537,2.115819,-0.211869,0.252401,extrapolated
GL_order,"GL(2,8)",3.547529,4,0.476443,0.268988,0.254569,0.364158,1.606262,-0.202183,0.168832,empirical
GL_order,"GL(3,8)",8.062129,9,0.336049,0.31447,0.349482,0.279246,1.909374,-0.307736,0.213568,empirical
GL_order,"GL(4,8)",14.383653,15,0.376715,0.235016,0.388269,0.239893,2.162151,-0.25886,0.238642,empirical
GL_order,"GL(5,8)",22.51145,23,0.401169,0.187704,0.411127,0.227379,2.251925,-0.230261,0.246408,extrapolated
GL_order,"GL(6,8)",32.445438,33,0.417512,0.15628,0.426208,0.232347,2.188066,-0.211767,0.253935,extrapolated
GL_order,"GL(2,9)",3.760422,4,0.560365,0.253759,0.185875,0.412953,1.416465,-0.118261,0.100138,empirical
GL_order,"GL(3,9)",8.531039,9,0.352864,0.335566,0.311569,0.270694,1.969697,-0.290921,0.175655,empirical
GL_order,"GL(4,9)",15.21067,16,0.37641,0.296861,0.326729,0.25795,2.004783,-0.258139,0.175245,empirical
GL_order,"GL(5,9)",23.798845,24,0.400962,0.227681,0.371358,0.23739,2.154843,-0.230172,0.2056,extrapolated
GL_order,"GL(6,9)",34.295512,35,0.417362,0.193106,0.389532,0.233429,2.17587,-0.211634,0.216267,extrapolated
sporadic_group_order,M11,3.898725,4,0.30885,0.267111,0.424039,0.258785,2.260308,-0.369776,0.338302,empirical
sporadic_group_order,M12,4.977906,5,0.362839,0.287543,0.349617,0.277816,2.035318,-0.301953,0.246035,empirical
sporadic_group_order,M24,8.388852,9,0.358845,0.170627,0.470528,0.216735,2.460078,-0.28494,0.334614,empirical
sporadic_group_order,J1,5.244426,6,0.243831,0.198571,0.557598,0.180544,3.054124,-0.41101,0.440978,empirical
sporadic_group_order,Monster,53.907421,54,0.256873,0.177015,0.566112,0.132458,3.813499,-0.370481,0.387082,extrapolated
primorial,2#,0.30103,1,1.0,0.0,0.0,1.0,0.940648,0.048399,0.0,empirical
primorial,3#,0.778151,1,0.613147,0.386853,-0.0,0.525605,1.78965,-0.338454,-0.0,empirical
primorial,5#,1.477121,2,0.473197,0.323008,0.203795,0.369782,1.894748,-0.29376,0.186691,empirical
primorial,7#,2.322219,3,0.363918,0.300992,0.335089,0.28205,2.211701,-0.343998,0.278157,empirical
primorial,11#,3.363612,4,0.309605,0.251247,0.439147,0.230293,2.539948,-0.369021,0.35341,empirical
primorial,13#,4.477555,5,0.248784,0.232581,0.518636,0.191854,2.947259,-0.416008,0.415054,empirical
primorial,17#,5.708004,6,0.215566,0.195155,0.58928,0.164523,3.351518,-0.439275,0.47266,empirical
primorial,19#,6.986758,7,0.183025,0.176112,0.640863,0.143309,3.788513,-0.46625,0.515402,empirical
primorial,23#,8.348486,9,0.163111,0.153172,0.683717,0.126976,4.199088,-0.480674,0.547803,empirical
primorial,29#,9.810884,10,0.149059,0.138798,0.712144,0.114162,4.627896,-0.491634,0.571718,empirical
primorial,31#,11.302245,12,0.131953,0.12939,0.738657,0.103433,5.065682,-0.50675,0.593527,empirical
primorial,37#,12.870447,13,0.121845,0.115875,0.76228,0.09461,5.508967,-0.515033,0.615162,empirical
primorial,41#,14.483231,15,0.111355,0.108277,0.780368,0.087112,5.954219,-0.52422,0.630741,empirical
primorial,43#,16.116699,17,0.101353,0.100069,0.798578,0.080621,6.40192,-0.532654,0.646316,empirical
primorial,47#,17.788797,18,0.093997,0.091826,0.814177,0.075013,6.859169,-0.538776,0.660808,empirical
primorial,53#,19.513073,20,0.088365,0.085691,0.825944,0.07015,7.324981,-0.54413,0.664964,extrapolated
primorial,59#,21.283925,22,0.083201,0.081013,0.835786,0.065885,7.780058,-0.548551,0.6722,extrapolated
primorial,61#,23.069255,24,0.07739,0.076762,0.845848,0.062071,8.24119,-0.553744,0.68009,extrapolated
primorial,67#,24.89533,25,0.07335,0.071713,0.854936,0.058679,8.70966,-0.557512,0.688223,extrapolated
primorial,71#,26.746588,27,0.069215,0.068273,0.862512,0.055628,9.172627,-0.561163,0.6941,extrapolated
primorial,73#,28.609911,29,0.065129,0.064707,0.870165,0.05286,9.639617,-0.564832,0.700288,extrapolated
primorial,79#,30.507538,31,0.062202,0.061077,0.876721,0.050358,10.106397,-0.567396,0.705569,extrapolated
primorial,83#,32.426616,33,0.059182,0.058521,0.882297,0.048076,10.574773,-0.570096,0.710024,extrapolated
primorial,89#,34.376006,35,0.056708,0.055826,0.887466,0.045994,11.043077,-0.572288,0.7142,extrapolated
primorial,97#,36.362778,37,0.054638,0.053609,0.891753,0.04409,11.510113,-0.574106,0.717602,extrapolated
primorial,101#,38.367099,39,0.052241,0.051783,0.895976,0.042333,11.978819,-0.576276,0.72103,extrapolated
primorial,103#,40.379937,41,0.049847,0.049637,0.900516,0.040703,12.450148,-0.578465,0.724853,extrapolated
primorial,107#,42.40932,43,0.047852,0.047462,0.904686,0.03919,12.922594,-0.580275,0.728372,extrapolated
primorial,109#,44.446747,45,0.04584,0.045659,0.908502,0.037781,13.397059,-0.582119,0.731596,extrapolated
primorial,113#,46.499825,47,0.044152,0.043816,0.912032,0.036468,13.872288,-0.583652,0.734584,extrapolated
primorial,127#,48.603629,49,0.043285,0.042241,0.914474,0.035253,14.343621,-0.584378,0.736528,extrapolated
primorial,131#,50.7209,51,0.041744,0.041478,0.916778,0.034114,14.816118,-0.585788,0.738374,extrapolated
primorial,137#,52.857621,53,0.040424,0.040056,0.91952,0.033045,15.288836,-0.586987,0.740691,extrapolated
primorial,139#,55.000636,56,0.038963,0.038849,0.922188,0.032039,15.760547,-0.588283,0.742779,extrapolated
primorial,149#,57.173822,58,0.03801,0.037482,0.924507,0.031094,16.23381,-0.589135,0.744746,extrapolated
primorial,151#,59.352799,60,0.036712,0.036615,0.926673,0.030201,16.708752,-0.590339,0.746582,extrapolated
primorial,157#,61.548698,62,0.035677,0.035402,0.92892,0.029357,17.183846,-0.591286,0.748521,extrapolated
primorial,163#,63.760886,64,0.034695,0.03444,0.930865,0.028559,17.659113,-0.592186,0.750177,extrapolated
primorial,167#,65.983603,66,0.033686,0.033526,0.932788,0.027802,18.135175,-0.593118,0.751828,extrapolated
primorial,173#,68.221649,69,0.032806,0.032581,0.934614,0.027084,18.609204,-0.593891,0.753276,extrapolated
primorial,179#,70.474502,71,0.031967,0.031757,0.936276,0.026402,19.085643,-0.594663,0.754705,extrapolated
primorial,181#,72.73218,73,0.031041,0.030975,0.937984,0.025752,19.563312,-0.595526,0.756192,extrapolated
primorial,191#,75.013214,76,0.030408,0.030097,0.939495,0.025134,20.038117,-0.59607,0.757392,extrapolated
primorial,193#,77.298771,78,0.029568,0.029509,0.940923,0.024544,20.516076,-0.596856,0.758627,extrapolated
primorial,197#,79.593237,80,0.028827,0.028715,0.942457,0.023981,20.994616,-0.597544,0.759977,extrapolated
primorial,199#,81.89209,82,0.028072,0.028018,0.94391,0.023441,21.474145,-0.59825,0.761255,extrapolated
primorial,211#,84.216373,85,0.027599,0.027297,0.945104,0.022927,21.9507,-0.598652,0.762202,extrapolated
primorial,223#,86.564678,87,0.027128,0.02685,0.946022,0.022436,22.427861,-0.599079,0.762965,extrapolated
primorial,227#,88.920703,89,0.026496,0.026409,0.947095,0.021965,22.905665,-0.599669,0.76389,extrapolated
primorial,229#,91.280539,92,0.025853,0.025811,0.948337,0.021512,23.382919,-0.600252,0.764922,extrapolated
primorial,233#,93.647895,94,0.025279,0.025199,0.949522,0.021077,23.86227,-0.600788,0.765974,extrapolated
primorial,239#,96.026293,97,0.024768,0.024653,0.950579,0.020659,24.340302,-0.601245,0.766842,extrapolated
primorial,241#,98.40831,99,0.024205,0.024169,0.951626,0.020257,24.820639,-0.601774,0.76777,extrapolated
primorial,251#,100.807984,101,0.023804,0.023629,0.952566,0.019871,25.300368,-0.602142,0.768596,extrapolated
primorial,257#,103.217917,104,0.023348,0.023249,0.953403,0.019499,25.778901,-0.602552,0.769269,extrapolated
primorial,263#,105.637872,106,0.022908,0.022813,0.954279,0.019141,26.258917,-0.602963,0.770041,extrapolated
primorial,269#,108.067625,109,0.022484,0.022393,0.955123,0.018795,26.737811,-0.603345,0.770737,extrapolated
primorial,271#,110.500594,111,0.022018,0.021989,0.955994,0.018461,27.218721,-0.603783,0.771512,extrapolated
primorial,277#,112.943074,113,0.021626,0.021542,0.956833,0.018139,27.699725,-0.604149,0.77226,extrapolated
primorial,281#,115.39178,116,0.021221,0.021167,0.957612,0.017828,28.17995,-0.604517,0.772908,extrapolated
primorial,283#,117.843566,118,0.020805,0.020779,0.958415,0.017527,28.662,-0.604908,0.773627,extrapolated
primorial,293#,120.310434,121,0.020504,0.020379,0.959117,0.017236,29.142453,-0.605175,0.774208,extrapolated
bsmooth_31,smooth_0,12.286902,13,0.208149,0.200286,0.591565,0.155848,3.344283,-0.428729,0.444447,empirical
bsmooth_31,smooth_1,11.657038,12,0.376356,0.191119,0.432525,0.225694,2.321551,-0.262347,0.287395,empirical
bsmooth_31,smooth_2,11.952592,12,0.348508,0.186394,0.465099,0.206777,2.533946,-0.290195,0.319969,empirical
bsmooth_31,smooth_3,12.390961,13,0.309602,0.240718,0.449681,0.192576,2.706475,-0.327276,0.302563,empirical
bsmooth_31,smooth_4,10.655402,11,0.383391,0.27449,0.34212,0.254093,2.069918,-0.255999,0.199355,empirical
bsmooth_31,smooth_5,10.944995,11,0.248831,0.224842,0.526327,0.186359,2.822239,-0.390559,0.383562,empirical
bsmooth_31,smooth_6,13.246724,14,0.225167,0.19139,0.583443,0.158827,3.269656,-0.410315,0.434202,empirical
bsmooth_31,smooth_7,13.481825,14,0.325415,0.155536,0.519048,0.184594,2.813251,-0.310067,0.369807,empirical
bsmooth_31,smooth_8,10.684945,11,0.158185,0.139576,0.702239,0.115765,4.543276,-0.481205,0.559474,empirical
bsmooth_31,smooth_9,12.441582,13,0.235082,0.16854,0.596377,0.148238,3.515974,-0.401796,0.449259,empirical
bsmooth_31,smooth_10,10.691075,11,0.345274,0.194815,0.459911,0.21187,2.482424,-0.294116,0.317146,empirical
bsmooth_31,smooth_11,11.468114,12,0.390133,0.166417,0.443451,0.229539,2.282665,-0.24857,0.298321,empirical
bsmooth_31,smooth_12,13.087991,14,0.208088,0.188027,0.603885,0.145243,3.575435,-0.427394,0.454644,empirical
bsmooth_31,smooth_13,14.973802,15,0.272822,0.170799,0.556379,0.16464,3.150418,-0.362753,0.406752,empirical
bsmooth_31,smooth_14,12.388933,13,0.329745,0.297955,0.3723,0.236203,2.206584,-0.307133,0.225182,empirical
bsmooth_31,smooth_15,11.811322,12,0.23058,0.21653,0.55289,0.153546,3.412415,-0.408123,0.40776,empirical
bsmooth_31,smooth_16,11.870831,12,0.281516,0.251265,0.467219,0.21516,2.435214,-0.357187,0.322089,empirical
bsmooth_31,smooth_17,12.039702,13,0.247741,0.204399,0.547861,0.173239,3.008562,-0.389137,0.400743,empirical
bsmooth_31,smooth_18,10.749099,11,0.237928,0.157241,0.604832,0.145182,3.622714,-0.401462,0.462067,empirical
bsmooth_31,smooth_19,10.788786,11,0.19436,0.193051,0.612589,0.146496,3.590209,-0.44503,0.469824,empirical
bsmooth_31,smooth_20,10.887949,11,0.40294,0.286939,0.310121,0.27067,1.943147,-0.23645,0.167356,empirical
bsmooth_31,smooth_21,11.709217,12,0.266814,0.190268,0.542919,0.161883,3.236671,-0.371889,0.397789,empirical
bsmooth_31,smooth_22,11.587212,12,0.220718,0.212381,0.566901,0.169997,3.082174,-0.417985,0.421771,empirical
bsmooth_31,smooth_23,11.806833,12,0.247721,0.230668,0.521612,0.187932,2.78803,-0.390982,0.376482,empirical
bsmooth_31,smooth_24,10.917218,11,0.249464,0.19078,0.559756,0.17112,3.073589,-0.389926,0.416991,empirical
bsmooth_31,smooth_25,12.020903,13,0.319132,0.124064,0.556803,0.167557,3.110581,-0.317746,0.409685,empirical
bsmooth_31,smooth_26,14.002884,15,0.273962,0.159102,0.566936,0.151005,3.434896,-0.361613,0.417309,empirical
bsmooth_31,smooth_27,13.082709,14,0.312258,0.129193,0.558549,0.169664,3.060801,-0.323224,0.409308,empirical
bsmooth_31,smooth_28,12.010941,13,0.278232,0.204888,0.51688,0.167677,3.108355,-0.358646,0.369762,empirical
bsmooth_31,smooth_29,12.458918,13,0.234755,0.218595,0.54665,0.148246,3.515782,-0.402123,0.399532,empirical
bsmooth_31,smooth_30,12.793908,13,0.264219,0.212871,0.52291,0.177897,2.929785,-0.372659,0.375792,empirical
bsmooth_31,smooth_31,11.208216,12,0.219562,0.1508,0.629638,0.141439,3.704492,-0.419141,0.484508,empirical
bsmooth_31,smooth_32,11.050059,12,0.269928,0.231447,0.498624,0.196082,2.672156,-0.368775,0.353494,empirical
bsmooth_31,smooth_33,12.249701,13,0.313172,0.137979,0.54885,0.171494,3.039184,-0.323706,0.401732,empirical
bsmooth_31,smooth_34,13.088466,14,0.446927,0.113945,0.439128,0.249345,2.082691,-0.188555,0.289887,empirical
bsmooth_31,smooth_35,12.395475,13,0.24063,0.206326,0.553044,0.178198,2.924847,-0.396248,0.405926,empirical
bsmooth_31,smooth_36,11.558485,12,0.258055,0.253043,0.488902,0.175153,2.99145,-0.380648,0.343772,empirical
bsmooth_31,smooth_37,13.289388,14,0.192447,0.190776,0.616777,0.144661,3.58983,-0.443035,0.467536,empirical
bsmooth_31,smooth_38,11.387136,12,0.222645,0.128425,0.648929,0.132638,3.950321,-0.416058,0.503799,empirical
bsmooth_31,smooth_39,13.595254,14,0.300486,0.163872,0.535642,0.176244,2.946528,-0.334996,0.386401,empirical
bsmooth_31,smooth_40,11.677096,12,0.349846,0.250473,0.399681,0.251177,2.086023,-0.288857,0.254551,empirical
bsmooth_31,smooth_41,11.364089,12,0.359482,0.225052,0.415467,0.233522,2.243734,-0.279221,0.270337,empirical
bsmooth_31,smooth_42,12.308143,13,0.363506,0.25383,0.382664,0.234252,2.224955,-0.273372,0.235546,empirical
bsmooth_31,smooth_43,10.640172,11,0.231284,0.209384,0.559332,0.160193,3.28324,-0.408106,0.416567,empirical
bsmooth_31,smooth_44,12.560469,13,0.216828,0.195924,0.587248,0.161171,3.233845,-0.42005,0.44013,empirical
bsmooth_31,smooth_45,13.672287,14,0.218158,0.213921,0.56792,0.165988,3.12859,-0.417324,0.418679,empirical
bsmooth_31,smooth_46,11.050393,12,0.222698,0.189759,0.587543,0.151474,3.459075,-0.416005,0.442413,empirical
bsmooth_31,smooth_47,11.397243,12,0.365489,0.128312,0.506199,0.195893,2.674735,-0.273214,0.361069,empirical
bsmooth_31,smooth_48,12.821352,13,0.398945,0.212416,0.388639,0.238402,2.186224,-0.237933,0.241521,empirical
bsmooth_31,smooth_49,13.53498,14,0.330557,0.283433,0.38601,0.221925,2.340018,-0.304925,0.236769,empirical
bsmooth_31,smooth_50,11.625181,12,0.234272,0.219997,0.545731,0.18278,2.866615,-0.404431,0.400601,empirical
bsmooth_31,smooth_51,11.45842,12,0.260308,0.237682,0.50201,0.187858,2.789131,-0.378395,0.35688,empirical
bsmooth_31,smooth_52,11.827256,12,0.247293,0.161363,0.591344,0.147844,3.544005,-0.39141,0.446214,empirical
bsmooth_31,smooth_53,13.694604,14,0.217803,0.198871,0.583326,0.138303,3.754846,-0.417679,0.434085,empirical
bsmooth_31,smooth_54,13.482294,14,0.247868,0.188046,0.564086,0.167045,3.108787,-0.387614,0.414845,empirical
bsmooth_31,smooth_55,13.233794,14,0.33808,0.22101,0.44091,0.23066,2.251404,-0.297402,0.291669,empirical
bsmooth_31,smooth_56,12.084979,13,0.242019,0.225359,0.532622,0.161097,3.235319,-0.394859,0.385504,empirical
bsmooth_31,smooth_57,13.130292,14,0.227164,0.222752,0.550085,0.151486,3.42809,-0.408318,0.400844,empirical
bsmooth_31,smooth_58,12.215351,13,0.209368,0.201459,0.589172,0.153368,3.398359,-0.42751,0.442054,empirical
bsmooth_31,smooth_59,10.905384,11,0.351777,0.249735,0.398488,0.228477,2.301985,-0.287613,0.255723,empirical
bsmooth_31,smooth_60,12.563495,13,0.232801,0.166905,0.600294,0.147623,3.530633,-0.404077,0.453176,empirical
bsmooth_31,smooth_61,11.80463,12,0.37165,0.252674,0.375676,0.256019,2.04657,-0.267053,0.230546,empirical
bsmooth_31,smooth_62,12.602217,13,0.232086,0.216109,0.551805,0.16761,3.109606,-0.404792,0.404687,empirical
bsmooth_31,smooth_63,13.378115,14,0.222955,0.218625,0.558419,0.163368,3.178756,-0.412527,0.409178,empirical
bsmooth_31,smooth_64,11.530522,12,0.293169,0.258681,0.44815,0.21235,2.467437,-0.345534,0.30302,empirical
bsmooth_31,smooth_65,11.18402,12,0.400043,0.226689,0.373268,0.252515,2.074968,-0.23866,0.228138,empirical
bsmooth_31,smooth_66,13.631125,14,0.180535,0.163441,0.656024,0.130961,3.965354,-0.454947,0.506783,empirical
bsmooth_31,smooth_67,10.904932,11,0.273521,0.225668,0.500811,0.181828,2.892573,-0.365869,0.358046,empirical
bsmooth_31,smooth_68,11.470742,12,0.222959,0.194223,0.582817,0.154946,3.381562,-0.415744,0.437687,empirical
bsmooth_31,smooth_69,13.854863,14,0.215284,0.17762,0.607097,0.14923,3.479925,-0.420198,0.457856,empirical
bsmooth_31,smooth_70,12.718667,13,0.290231,0.229961,0.479808,0.190502,2.735941,-0.346647,0.33269,empirical
bsmooth_31,smooth_71,10.512324,11,0.211931,0.160782,0.627287,0.147062,3.576382,-0.427459,0.484522,empirical
bsmooth_31,smooth_72,13.782971,14,0.226669,0.108203,0.665127,0.12246,4.240642,-0.408813,0.515886,empirical
bsmooth_31,smooth_73,12.374562,13,0.330128,0.136586,0.533286,0.179679,2.900738,-0.30675,0.386168,empirical
bsmooth_31,smooth_74,11.578746,12,0.26982,0.220879,0.5093,0.187363,2.796505,-0.368883,0.36417,empirical
bsmooth_31,smooth_75,11.751701,12,0.253812,0.18958,0.556608,0.169525,3.090751,-0.384891,0.411478,empirical
bsmooth_31,smooth_76,13.02521,14,0.39976,0.196351,0.403889,0.237339,2.188043,-0.235722,0.254648,empirical
bsmooth_31,smooth_77,13.61449,14,0.271134,0.18622,0.542646,0.156221,3.324183,-0.364348,0.393405,empirical
bsmooth_31,smooth_78,12.621587,13,0.405259,0.215778,0.378963,0.258358,2.017358,-0.231619,0.231845,empirical
bsmooth_31,smooth_79,11.233451,12,0.242442,0.219069,0.53849,0.162969,3.215087,-0.396261,0.39336,empirical
bsmooth_31,smooth_80,10.958284,11,0.248529,0.231359,0.520112,0.177069,2.970316,-0.390861,0.377347,empirical
bsmooth_31,smooth_81,12.097508,13,0.246557,0.225125,0.528318,0.173733,3.000005,-0.390321,0.3812,empirical
bsmooth_31,smooth_82,13.216392,14,0.225684,0.1862,0.588116,0.159291,3.260123,-0.409798,0.438875,empirical
bsmooth_31,smooth_83,11.96723,12,0.320564,0.186166,0.493271,0.186263,2.813014,-0.318139,0.348141,empirical
bsmooth_31,smooth_84,10.541089,11,0.282962,0.277466,0.439572,0.202341,2.599327,-0.356428,0.296807,empirical
bsmooth_31,smooth_85,12.291403,13,0.312109,0.242667,0.445223,0.224101,2.325739,-0.324769,0.298105,empirical
bsmooth_31,smooth_86,11.563654,12,0.25293,0.235519,0.511551,0.176348,2.97117,-0.385773,0.366421,empirical
bsmooth_31,smooth_87,11.259116,12,0.259771,0.218569,0.521659,0.187577,2.793305,-0.378932,0.376529,empirical
bsmooth_31,smooth_88,12.566486,13,0.232746,0.166865,0.600389,0.150469,3.463852,-0.404132,0.453271,empirical
bsmooth_31,smooth_89,11.838137,12,0.324059,0.175939,0.500002,0.188182,2.784336,-0.314644,0.354872,empirical
bsmooth_31,smooth_90,14.295659,15,0.381019,0.172143,0.446838,0.215536,2.406488,-0.254556,0.297211,empirical
bsmooth_31,smooth_91,13.758394,14,0.212583,0.197949,0.589469,0.132916,3.907036,-0.422899,0.440228,empirical
bsmooth_31,smooth_92,12.47963,13,0.33379,0.239007,0.427203,0.237787,2.19188,-0.303088,0.280085,empirical
bsmooth_31,smooth_93,13.559984,14,0.431386,0.153598,0.415016,0.246643,2.105509,-0.204096,0.265775,empirical
bsmooth_31,smooth_94,13.568906,14,0.206051,0.181363,0.612586,0.127641,4.06851,-0.429431,0.463345,empirical
bsmooth_31,smooth_95,13.229455,14,0.221082,0.205863,0.573055,0.161302,3.219472,-0.4144,0.423814,empirical
bsmooth_31,smooth_96,12.785669,13,0.28871,0.228756,0.482535,0.209926,2.482785,-0.348168,0.335417,empirical
bsmooth_31,smooth_97,12.488813,13,0.234193,0.197048,0.568759,0.14933,3.490252,-0.402685,0.421641,empirical
bsmooth_31,smooth_98,13.868148,14,0.215077,0.196382,0.588541,0.15168,3.423703,-0.420405,0.4393,empirical
bsmooth_31,smooth_99,11.330992,12,0.263236,0.240355,0.49641,0.179146,2.92477,-0.375467,0.35128,empirical
bsmooth_31,smooth_100,13.079697,14,0.33542,0.228042,0.436538,0.227604,2.281627,-0.300062,0.287297,empirical
bsmooth_31,smooth_101,11.178991,12,0.228778,0.220136,0.551086,0.160897,3.256495,-0.409925,0.405956,empirical
bsmooth_31,smooth_102,11.148131,12,0.244297,0.151613,0.60409,0.145345,3.604935,-0.394406,0.45896,empirical
bsmooth_31,smooth_103,11.302837,12,0.299075,0.217724,0.483201,0.201417,2.601379,-0.339628,0.338071,empirical
bsmooth_31,smooth_104,13.537478,14,0.272676,0.201179,0.526145,0.169886,3.056801,-0.362806,0.376904,empirical
bsmooth_31,smooth_105,12.476872,13,0.20498,0.197237,0.597783,0.144652,3.603143,-0.431898,0.450665,empirical
bsmooth_31,smooth_106,12.156816,13,0.404859,0.139033,0.456108,0.226617,2.299921,-0.232019,0.30899,empirical
bsmooth_31,smooth_107,12.606075,13,0.304318,0.216043,0.479638,0.20158,2.585582,-0.33256,0.33252,empirical
bsmooth_31,smooth_108,12.374444,13,0.298304,0.206677,0.495019,0.178218,2.924513,-0.338574,0.347901,empirical
bsmooth_31,smooth_109,11.739413,12,0.266127,0.231993,0.50188,0.201897,2.595196,-0.372576,0.35675,empirical
bsmooth_31,smooth_110,13.120665,14,0.292383,0.22733,0.480287,0.17934,2.895668,-0.343099,0.331046,empirical
bsmooth_31,smooth_111,12.313905,13,0.331754,0.199847,0.468399,0.198168,2.630101,-0.305124,0.321281,empirical
bsmooth_31,smooth_112,11.980515,12,0.352697,0.320208,0.327095,0.258661,2.02567,-0.286006,0.181965,empirical
bsmooth_31,smooth_113,13.704163,14,0.320136,0.108825,0.571039,0.162005,3.205497,-0.315346,0.421798,empirical
bsmooth_31,smooth_114,11.938873,12,0.249833,0.186608,0.563559,0.15233,3.439634,-0.38887,0.418429,empirical
bsmooth_31,smooth_115,12.977138,13,0.394156,0.114922,0.490922,0.208506,2.499695,-0.242722,0.343804,empirical
bsmooth_31,smooth_116,14.13073,15,0.192733,0.180989,0.626278,0.134254,3.863458,-0.442842,0.476651,empirical
bsmooth_31,smooth_117,11.622388,12,0.234328,0.22005,0.545622,0.189396,2.766489,-0.404375,0.400492,empirical
bsmooth_31,smooth_118,12.650617,13,0.200409,0.164639,0.634952,0.12814,4.067428,-0.436469,0.487834,empirical
bsmooth_31,smooth_119,14.684645,15,0.354586,0.298761,0.346654,0.240409,2.157508,-0.280989,0.197027,empirical
bsmooth_31,smooth_120,10.6657,11,0.274224,0.237705,0.48807,0.207685,2.532442,-0.365166,0.345305,empirical
bsmooth_31,smooth_121,11.95458,12,0.213935,0.186363,0.599702,0.141821,3.694536,-0.424768,0.454572,empirical
bsmooth_31,smooth_122,13.695366,14,0.320341,0.19886,0.480799,0.199921,2.597561,-0.315141,0.331558,empirical
bsmooth_31,smooth_123,12.482352,13,0.250288,0.234314,0.515398,0.206941,2.518599,-0.38659,0.36828,empirical
bsmooth_31,smooth_124,10.960283,11,0.533708,0.124242,0.34205,0.328628,1.600445,-0.105682,0.199285,empirical
bsmooth_31,smooth_125,11.133683,12,0.401851,0.229709,0.36844,0.254455,2.059151,-0.236852,0.22331,empirical
bsmooth_31,smooth_126,12.996904,13,0.344242,0.189345,0.466413,0.199247,2.615859,-0.292636,0.319295,empirical
bsmooth_31,smooth_127,11.218583,12,0.391065,0.132937,0.475998,0.212947,2.460525,-0.247638,0.330868,empirical
bsmooth_31,smooth_128,11.497324,12,0.259428,0.236877,0.503695,0.174028,3.010793,-0.379275,0.358565,empirical
bsmooth_31,smooth_129,12.62922,13,0.23159,0.221382,0.547029,0.181693,2.868588,-0.405288,0.399911,empirical
bsmooth_31,smooth_130,12.98393,13,0.257382,0.225263,0.517355,0.164449,3.169381,-0.379496,0.370237,empirical
bsmooth_31,smooth_131,11.772113,12,0.217251,0.178125,0.604623,0.140409,3.731671,-0.421452,0.459493,empirical
bsmooth_31,smooth_132,12.849024,13,0.243145,0.211958,0.544897,0.173427,3.005309,-0.393733,0.397779,empirical
bsmooth_31,smooth_133,11.462147,12,0.390336,0.127585,0.482079,0.2144,2.443853,-0.248367,0.336949,empirical
bsmooth_31,smooth_134,12.406264,13,0.240421,0.235752,0.523828,0.166251,3.135019,-0.396457,0.37671,empirical
bsmooth_31,smooth_135,12.846023,13,0.341522,0.23219,0.426288,0.222764,2.3397,-0.295356,0.27917,empirical
bsmooth_31,smooth_136,12.516629,13,0.32638,0.238301,0.435319,0.202214,2.577476,-0.310498,0.288201,empirical
bsmooth_31,smooth_137,12.449327,13,0.271532,0.250952,0.477516,0.184731,2.821408,-0.365346,0.330398,empirical
bsmooth_31,smooth_138,12.530795,13,0.266689,0.217341,0.51597,0.1936,2.692154,-0.370189,0.368852,empirical
bsmooth_31,smooth_139,12.431271,13,0.359906,0.117639,0.522456,0.194231,2.683407,-0.276972,0.375338,empirical
bsmooth_31,smooth_140,13.065053,14,0.195752,0.188357,0.615891,0.140763,3.689239,-0.43973,0.46665,empirical
bsmooth_31,smooth_141,12.211143,13,0.244262,0.201529,0.554209,0.152219,3.424013,-0.392616,0.407091,empirical
bsmooth_31,smooth_142,13.19346,14,0.221685,0.186524,0.591791,0.133386,3.893259,-0.413797,0.44255,empirical
bsmooth_31,smooth_143,10.918496,11,0.338082,0.273181,0.388737,0.222682,2.361894,-0.301308,0.245972,empirical
bsmooth_31,smooth_144,12.827631,13,0.197643,0.173679,0.628678,0.127705,4.081294,-0.439235,0.48156,empirical
bsmooth_31,smooth_145,11.903397,12,0.250578,0.174974,0.574448,0.155941,3.359994,-0.388125,0.429318,empirical
bsmooth_31,smooth_146,12.065855,13,0.247204,0.203956,0.548841,0.177232,2.940781,-0.389674,0.401723,empirical
bsmooth_31,smooth_147,10.793619,11,0.289447,0.270975,0.439579,0.23315,2.255845,-0.349943,0.296814,empirical
bsmooth_31,smooth_148,11.615542,12,0.240702,0.211863,0.547436,0.174292,3.006233,-0.398001,0.402306,empirical
bsmooth_31,smooth_149,11.806427,12,0.495458,0.32493,0.179612,0.363072,1.443132,-0.143245,0.034482,empirical
bsmooth_31,smooth_150,10.88213,11,0.235019,0.204729,0.560252,0.17617,2.985466,-0.404371,0.417487,empirical
bsmooth_31,smooth_151,11.758561,12,0.313928,0.177129,0.508942,0.17922,2.923559,-0.324775,0.363812,empirical
bsmooth_31,smooth_152,12.223067,13,0.255597,0.239285,0.505118,0.186435,2.795622,-0.381281,0.358,empirical
bsmooth_31,smooth_153,11.899701,12,0.245787,0.175028,0.579184,0.147473,3.552923,-0.392916,0.434054,empirical
bsmooth_31,smooth_154,12.044096,13,0.371475,0.212345,0.416179,0.238537,2.184992,-0.265403,0.269061,empirical
bsmooth_31,smooth_155,10.807449,11,0.275988,0.270628,0.453384,0.22198,2.369365,-0.363402,0.310619,empirical
bsmooth_31,smooth_156,13.05469,14,0.448084,0.12947,0.422446,0.262378,1.979236,-0.187398,0.273205,empirical
bsmooth_31,smooth_157,13.154223,14,0.22675,0.169367,0.603883,0.131632,3.945162,-0.408732,0.454642,empirical
bsmooth_31,smooth_158,14.057835,15,0.290598,0.212175,0.497226,0.19006,2.729056,-0.344977,0.347599,empirical
bsmooth_31,smooth_159,12.707402,13,0.234723,0.21432,0.550956,0.153659,3.391936,-0.402155,0.403838,empirical
bsmooth_31,smooth_160,11.797237,12,0.214906,0.188848,0.596246,0.153501,3.41341,-0.423797,0.451116,empirical
bsmooth_31,smooth_161,14.220036,15,0.205681,0.196616,0.597703,0.147272,3.521962,-0.429894,0.448076,empirical
bsmooth_31,smooth_162,12.406643,13,0.179572,0.120207,0.700221,0.118741,4.389392,-0.457306,0.553103,empirical
bsmooth_31,smooth_163,13.494569,14,0.221031,0.201819,0.57715,0.15369,3.378936,-0.414451,0.427909,empirical
bsmooth_31,smooth_164,10.655602,11,0.274484,0.237931,0.487585,0.18492,2.844211,-0.364906,0.34482,empirical
bsmooth_31,smooth_165,12.323903,13,0.311286,0.199685,0.489029,0.202881,2.568992,-0.325592,0.341911,empirical
bsmooth_31,smooth_166,11.933605,12,0.499886,0.245089,0.255025,0.33273,1.574732,-0.138817,0.109895,empirical
bsmooth_31,smooth_167,11.432502,12,0.260899,0.194873,0.544228,0.171776,3.050263,-0.377804,0.399098,empirical
bsmooth_31,smooth_168,10.953746,11,0.406781,0.248632,0.344587,0.262902,2.000559,-0.232609,0.201822,empirical
bsmooth_31,smooth_169,11.25045,12,0.328107,0.29704,0.374854,0.234884,2.230721,-0.310596,0.229724,empirical
bsmooth_31,smooth_170,13.376599,14,0.286789,0.166551,0.54666,0.169983,3.055057,-0.348693,0.397419,empirical
bsmooth_31,smooth_171,12.694918,13,0.321797,0.164064,0.514139,0.178804,2.914924,-0.315081,0.367021,empirical
bsmooth_31,smooth_172,12.687344,13,0.220368,0.18803,0.591602,0.155248,3.357222,-0.41651,0.444484,empirical
bsmooth_31,smooth_173,11.043531,12,0.334254,0.264842,0.400903,0.247355,2.118255,-0.304449,0.255773,empirical
bsmooth_31,smooth_174,14.079051,15,0.311611,0.181653,0.506735,0.175418,2.956858,-0.323964,0.357108,empirical
bsmooth_31,smooth_175,10.931737,11,0.267551,0.191819,0.540631,0.16876,3.116569,-0.371839,0.397866,empirical
bsmooth_31,smooth_176,12.752873,13,0.229344,0.174697,0.595959,0.142447,3.658904,-0.407534,0.448841,empirical
bsmooth_31,smooth_177,12.314033,13,0.311536,0.118759,0.569706,0.162922,3.199076,-0.325342,0.422588,empirical
bsmooth_31,smooth_178,11.152469,12,0.244202,0.229322,0.526476,0.18766,2.792083,-0.394501,0.381346,empirical
bsmooth_31,smooth_179,12.702531,13,0.34538,0.201338,0.453282,0.224143,2.325305,-0.291498,0.306164,empirical
bsmooth_31,smooth_180,10.937671,11,0.224993,0.15453,0.620477,0.137047,3.837742,-0.414397,0.477712,empirical
bsmooth_31,smooth_181,11.683535,12,0.328348,0.233102,0.43855,0.201388,2.60175,-0.310355,0.29342,empirical
bsmooth_31,smooth_182,11.772545,12,0.506725,0.189244,0.30403,0.318956,1.642737,-0.131978,0.1589,empirical
bsmooth_31,smooth_183,10.613741,11,0.240962,0.23186,0.527179,0.182771,2.877653,-0.398428,0.384414,empirical
bsmooth_31,smooth_184,11.701837,12,0.254894,0.2103,0.534806,0.16728,3.13224,-0.383809,0.389676,empirical
bsmooth_31,smooth_185,13.54797,14,0.323827,0.188774,0.487399,0.191524,2.711456,-0.311655,0.338158,empirical
bsmooth_31,smooth_186,10.689919,11,0.237167,0.230207,0.532626,0.185578,2.834131,-0.402223,0.389861,empirical
bsmooth_31,smooth_187,13.051198,14,0.313012,0.224102,0.462886,0.189218,2.744497,-0.32247,0.313645,empirical
bsmooth_31,smooth_188,13.935323,14,0.314825,0.149461,0.535714,0.167742,3.095867,-0.320657,0.386473,empirical
bsmooth_31,smooth_189,13.337038,14,0.28764,0.156166,0.556195,0.16098,3.225911,-0.347842,0.406954,empirical
bsmooth_31,smooth_190,13.898817,14,0.276013,0.214603,0.509384,0.163825,3.169898,-0.359469,0.360143,empirical
bsmooth_31,smooth_191,12.873215,13,0.4634,0.173064,0.363536,0.277853,1.875818,-0.173478,0.216418,empirical
bsmooth_31,smooth_192,13.053555,14,0.293886,0.208637,0.497477,0.194507,2.669873,-0.341596,0.348236,empirical
bsmooth_31,smooth_193,12.058479,13,0.259086,0.212092,0.528822,0.160441,3.248549,-0.377792,0.381704,empirical
bsmooth_31,smooth_194,13.320266,14,0.288002,0.219575,0.492423,0.201024,2.583314,-0.34748,0.343182,empirical
bsmooth_31,smooth_195,12.691604,13,0.230451,0.17554,0.594009,0.142959,3.645805,-0.406427,0.446891,empirical
bsmooth_31,smooth_196,11.937297,12,0.249866,0.186632,0.563502,0.161973,3.234868,-0.388837,0.418372,empirical
bsmooth_31,smooth_197,11.499854,12,0.3815,0.213994,0.404506,0.231924,2.259193,-0.257203,0.259376,empirical
bsmooth_31,smooth_198,12.913289,13,0.226495,0.210903,0.562602,0.170564,3.055757,-0.410383,0.415484,empirical
bsmooth_31,smooth_199,10.467731,11,0.284945,0.260176,0.454879,0.208334,2.52456,-0.354445,0.312114,empirical
bsmooth_31,smooth_200,12.633862,13,0.215568,0.176342,0.60809,0.137375,3.793993,-0.42131,0.460972,empirical
bsmooth_31,smooth_201,12.709477,13,0.345191,0.29044,0.364369,0.247055,2.109658,-0.291687,0.217251,empirical
bsmooth_31,smooth_202,12.037809,13,0.17302,0.12389,0.70309,0.122822,4.243561,-0.463858,0.555972,empirical
bsmooth_31,smooth_203,12.483083,13,0.218172,0.119471,0.662358,0.126384,4.123949,-0.418706,0.51524,empirical
bsmooth_31,smooth_204,12.711063,13,0.327712,0.234656,0.437632,0.202894,2.568834,-0.309166,0.290514,empirical
bsmooth_31,smooth_205,12.32037,13,0.237395,0.221053,0.541552,0.174776,2.982108,-0.399483,0.394434,empirical
bsmooth_31,smooth_206,14.127917,15,0.271538,0.236541,0.491921,0.175604,2.953724,-0.364037,0.342294,empirical
bsmooth_31,smooth_207,10.780137,11,0.355864,0.138343,0.505793,0.209981,2.504752,-0.283526,0.363028,empirical
bsmooth_31,smooth_208,12.656308,13,0.235671,0.231094,0.533235,0.179305,2.90679,-0.401207,0.386117,empirical
bsmooth_31,smooth_209,12.316616,13,0.299705,0.207647,0.492648,0.185578,2.808523,-0.337173,0.34553,empirical
bsmooth_31,smooth_210,12.098466,13,0.241749,0.172153,0.586098,0.144428,3.608726,-0.395129,0.43898,empirical
bsmooth_31,smooth_211,11.175337,12,0.186373,0.133451,0.680175,0.126993,4.12591,-0.45233,0.535045,empirical
bsmooth_31,smooth_212,11.761372,12,0.313853,0.253603,0.432543,0.201565,2.59947,-0.32485,0.287413,empirical
bsmooth_31,smooth_213,10.757638,11,0.253165,0.13594,0.610895,0.144964,3.628148,-0.386225,0.46813,empirical
bsmooth_31,smooth_214,12.024047,13,0.277929,0.243246,0.478826,0.183462,2.840926,-0.358949,0.331708,empirical
bsmooth_31,smooth_215,11.490806,12,0.389362,0.121657,0.488981,0.214762,2.439732,-0.249341,0.343851,empirical
bsmooth_31,smooth_216,11.411995,12,0.244995,0.238649,0.516357,0.170207,3.078376,-0.393708,0.371227,empirical
bsmooth_31,smooth_217,12.14957,13,0.315753,0.183372,0.500876,0.1763,2.956325,-0.321125,0.353758,empirical
bsmooth_31,smooth_218,11.09459,12,0.395435,0.134422,0.470142,0.225008,2.328638,-0.243268,0.325012,empirical
bsmooth_31,smooth_219,12.04419,13,0.424687,0.247648,0.327664,0.26967,1.932736,-0.212191,0.180546,empirical
bsmooth_31,smooth_220,12.287549,13,0.312207,0.242744,0.445049,0.207796,2.508238,-0.324671,0.297931,empirical
bsmooth_31,smooth_221,13.45033,14,0.232275,0.221758,0.545966,0.175665,2.956245,-0.403207,0.396725,empirical
bsmooth_31,smooth_222,11.002197,12,0.247537,0.189306,0.563156,0.165174,3.172181,-0.391166,0.418026,empirical
bsmooth_31,smooth_223,12.69037,13,0.263336,0.220315,0.516349,0.192324,2.710018,-0.373542,0.369231,empirical
bsmooth_31,smooth_224,10.838252,11,0.275203,0.205558,0.519239,0.17036,3.087291,-0.364187,0.376474,empirical
bsmooth_31,smooth_225,11.411479,12,0.261379,0.256303,0.482318,0.208178,2.516895,-0.377324,0.337188,empirical
bsmooth_31,smooth_226,11.532564,12,0.193182,0.1806,0.626217,0.138887,3.772571,-0.445521,0.481087,empirical
bsmooth_31,smooth_227,14.374429,15,0.266881,0.232484,0.500635,0.165477,3.134486,-0.368694,0.351008,empirical
bsmooth_31,smooth_228,12.791078,13,0.199945,0.174175,0.62588,0.139934,3.724615,-0.436933,0.478762,empirical
bsmooth_31,smooth_229,12.873204,13,0.2317,0.198669,0.569631,0.154402,3.375611,-0.405178,0.422513,empirical
bsmooth_31,smooth_230,11.577755,12,0.441797,0.378933,0.17927,0.355397,1.474296,-0.196906,0.03414,empirical
bsmooth_31,smooth_231,11.475608,12,0.382306,0.121818,0.495876,0.209644,2.499284,-0.256397,0.350746,empirical
bsmooth_31,smooth_232,13.93647,14,0.293129,0.181918,0.524953,0.179,2.901161,-0.342353,0.375712,empirical
bsmooth_31,smooth_233,13.360366,14,0.334877,0.218916,0.446207,0.22853,2.272388,-0.300605,0.296966,empirical
bsmooth_31,smooth_234,12.377875,13,0.354438,0.198814,0.446747,0.215201,2.421921,-0.28244,0.299629,empirical
bsmooth_31,smooth_235,13.589807,14,0.257167,0.219482,0.523351,0.184968,2.807557,-0.378315,0.37411,empirical
bsmooth_31,smooth_236,12.369514,13,0.241135,0.236452,0.522413,0.160141,3.254648,-0.395743,0.375295,empirical
bsmooth_31,smooth_237,13.34797,14,0.223459,0.166908,0.609633,0.146051,3.555651,-0.412023,0.460392,empirical
bsmooth_31,smooth_238,13.595238,14,0.248645,0.200324,0.55103,0.161751,3.210548,-0.386837,0.401789,empirical
bsmooth_31,smooth_239,12.700775,13,0.230285,0.175413,0.594302,0.145523,3.581582,-0.406593,0.447184,empirical
bsmooth_31,smooth_240,11.68196,12,0.328392,0.210658,0.46095,0.202755,2.584207,-0.310311,0.31582,empirical
bsmooth_31,smooth_241,14.065753,15,0.193623,0.181825,0.624552,0.154207,3.36356,-0.441952,0.474925,empirical
bsmooth_31,smooth_242,13.101986,14,0.455309,0.218496,0.326196,0.3004,1.728724,-0.180173,0.176955,empirical
bsmooth_31,smooth_243,12.443627,13,0.203742,0.179038,0.617219,0.133708,3.89805,-0.433136,0.470101,empirical
bsmooth_31,smooth_244,12.679329,13,0.403414,0.133303,0.463283,0.223492,2.332077,-0.233464,0.316165,empirical
bsmooth_31,smooth_245,13.683624,14,0.298545,0.247039,0.454415,0.188472,2.755354,-0.336937,0.305174,empirical
bsmooth_31,smooth_246,12.080163,13,0.276638,0.172414,0.550948,0.161651,3.224236,-0.36024,0.40383,empirical
bsmooth_31,smooth_247,12.731085,13,0.262494,0.245398,0.492109,0.194518,2.679454,-0.374384,0.344991,empirical
bsmooth_31,smooth_248,12.697575,13,0.234905,0.16403,0.601065,0.138658,3.758902,-0.401973,0.453947,empirical
bsmooth_31,smooth_249,12.243507,13,0.243617,0.181965,0.574419,0.158714,3.283904,-0.393261,0.427301,empirical
bsmooth_31,smooth_250,13.562643,14,0.282855,0.219922,0.497223,0.176107,2.948813,-0.352627,0.347982,empirical
bsmooth_31,smooth_251,11.367211,12,0.393596,0.22499,0.381414,0.249669,2.098627,-0.245107,0.236284,empirical
bsmooth_31,smooth_252,12.662107,13,0.346482,0.194351,0.459166,0.205437,2.537041,-0.290396,0.312048,empirical
bsmooth_31,smooth_253,12.824276,13,0.243614,0.232584,0.523801,0.202471,2.574197,-0.393264,0.376683,empirical
bsmooth_31,smooth_254,12.651323,13,0.231185,0.21527,0.553545,0.153785,3.389146,-0.405693,0.406427,empirical
bsmooth_31,smooth_255,11.721929,12,0.31491,0.254457,0.430634,0.207453,2.525682,-0.323793,0.285504,empirical
bsmooth_31,smooth_256,12.295356,13,0.254094,0.221503,0.524403,0.162522,3.206956,-0.382784,0.377285,empirical
bsmooth_31,smooth_257,10.374275,11,0.281928,0.237212,0.480861,0.204463,2.572347,-0.357462,0.338096,empirical
bsmooth_31,smooth_258,11.347938,12,0.225372,0.196325,0.578303,0.143901,3.641125,-0.413331,0.433173,empirical
bsmooth_31,smooth_259,13.219091,14,0.221255,0.186162,0.592582,0.1459,3.559342,-0.414227,0.443341,empirical
bsmooth_31,smooth_260,13.105832,14,0.281657,0.207805,0.510538,0.175376,2.961114,-0.353825,0.361297,empirical
bsmooth_31,smooth_261,10.540588,11,0.258378,0.160351,0.581271,0.160995,3.266882,-0.381012,0.438506,empirical
bsmooth_31,smooth_262,10.571251,11,0.282154,0.21075,0.507096,0.181167,2.903121,-0.357236,0.364331,empirical
bsmooth_31,smooth_263,12.897687,13,0.346891,0.161485,0.491624,0.191676,2.719181,-0.289987,0.344506,empirical
bsmooth_31,smooth_264,11.514842,12,0.236517,0.222105,0.541378,0.205208,2.553319,-0.402186,0.396248,empirical
bsmooth_31,smooth_265,11.272513,12,0.296458,0.21831,0.485232,0.194511,2.693738,-0.342245,0.340102,empirical
bsmooth_31,smooth_266,12.31919,13,0.221074,0.180847,0.598079,0.154453,3.374486,-0.415804,0.450961,empirical
bsmooth_31,smooth_267,12.326958,13,0.205671,0.199635,0.594694,0.155669,3.348136,-0.431207,0.447576,empirical
bsmooth_31,smooth_268,11.560418,12,0.22123,0.212873,0.565898,0.144465,3.626901,-0.417473,0.420768,empirical
bsmooth_31,smooth_269,12.431343,13,0.251315,0.235276,0.513409,0.165192,3.155123,-0.385563,0.366291,empirical
bsmooth_31,smooth_270,12.254926,13,0.238663,0.208692,0.552645,0.159548,3.266735,-0.398215,0.405527,empirical
bsmooth_31,smooth_271,12.314986,13,0.299744,0.242203,0.458053,0.19156,2.720826,-0.337134,0.310935,empirical
bsmooth_31,smooth_272,11.776394,12,0.237414,0.208969,0.553617,0.175169,2.99117,-0.401289,0.408487,empirical
bsmooth_31,smooth_273,10.980418,11,0.266365,0.224117,0.509518,0.176888,2.973364,-0.373025,0.366753,empirical
bsmooth_31,smooth_274,11.274428,12,0.362341,0.247984,0.389675,0.231271,2.265571,-0.276362,0.244545,empirical
bsmooth_31,smooth_275,13.276549,14,0.205133,0.192633,0.602234,0.142926,3.633412,-0.430349,0.452993,empirical
bsmooth_31,smooth_276,13.155371,14,0.222327,0.194408,0.583265,0.148992,3.485484,-0.413155,0.434024,empirical
bsmooth_31,smooth_277,10.897259,11,0.402596,0.374882,0.222522,0.323167,1.627488,-0.236794,0.079757,empirical
bsmooth_31,smooth_278,11.970824,12,0.279165,0.124583,0.596252,0.148202,3.535456,-0.359538,0.451122,empirical
bsmooth_31,smooth_279,13.500714,14,0.331396,0.189435,0.479169,0.193501,2.683755,-0.304086,0.329928,empirical
bsmooth_31,smooth_280,14.632793,15,0.19988,0.168177,0.631944,0.130053,3.988257,-0.435695,0.482317,empirical
bsmooth_31,smooth_281,12.616332,13,0.323801,0.118209,0.55799,0.169197,3.080446,-0.313077,0.410872,empirical
bsmooth_31,smooth_282,13.381091,14,0.275863,0.222906,0.501231,0.190605,2.724521,-0.359619,0.35199,empirical
bsmooth_31,smooth_283,12.065692,13,0.451438,0.105983,0.442579,0.251634,2.071262,-0.18544,0.295461,empirical
bsmooth_31,smooth_284,11.815383,12,0.312419,0.126222,0.561359,0.168819,3.103694,-0.326284,0.416229,empirical
bsmooth_31,smooth_285,12.10291,13,0.225025,0.211313,0.563662,0.157298,3.313467,-0.411853,0.416544,empirical
bsmooth_31,smooth_286,12.228387,13,0.201245,0.170324,0.628432,0.131165,3.973626,-0.435633,0.481314,empirical
bsmooth_31,smooth_287,11.284052,12,0.218086,0.184578,0.597336,0.14962,3.501942,-0.420617,0.452206,empirical
bsmooth_31,smooth_288,13.592609,14,0.362094,0.329156,0.308751,0.272785,1.903724,-0.273388,0.15951,empirical
bsmooth_31,smooth_289,13.11195,14,0.227481,0.223063,0.549455,0.149659,3.46994,-0.408001,0.400214,empirical
bsmooth_31,smooth_290,12.661004,13,0.235583,0.215106,0.549311,0.168946,3.085008,-0.401295,0.402193,empirical
bsmooth_31,smooth_291,11.116374,12,0.244995,0.152046,0.602959,0.146002,3.588715,-0.393708,0.457829,empirical
bsmooth_31,smooth_292,12.597674,13,0.390691,0.236768,0.372541,0.239548,2.175769,-0.246187,0.225423,empirical
bsmooth_31,smooth_293,11.466088,12,0.237523,0.22305,0.539428,0.152135,3.444052,-0.40118,0.394298,empirical
bsmooth_31,smooth_294,11.334401,12,0.263157,0.225641,0.511202,0.209541,2.500523,-0.375546,0.366072,empirical
bsmooth_31,smooth_295,12.326797,13,0.237271,0.17011,0.592619,0.15538,3.354362,-0.399607,0.445501,empirical
bsmooth_31,smooth_296,10.974099,11,0.266518,0.233049,0.500432,0.173861,3.025132,-0.372872,0.357667,empirical
bsmooth_31,smooth_297,12.050051,13,0.369772,0.12136,0.508868,0.19668,2.649996,-0.267106,0.36175,empirical
bsmooth_31,smooth_298,11.587962,12,0.257398,0.212367,0.530235,0.191509,2.735967,-0.381305,0.385105,empirical
bsmooth_31,smooth_299,12.116307,13,0.241393,0.21108,0.547527,0.168636,3.09068,-0.395485,0.400409,empirical
prime_pair,pq_0,14.923154,15,0.501224,0.498776,0.0,0.500003,1.037364,-0.134351,-0.149627,empirical
prime_pair,pq_1,15.973809,16,0.500596,0.499404,0.0,0.500001,1.034267,-0.133953,-0.151484,empirical
prime_pair,pq_2,14.509289,15,0.504306,0.495694,-0.0,0.500037,1.037293,-0.131269,-0.149627,empirical
prime_pair,pq_3,15.357199,16,0.501111,0.498889,0.0,0.500002,1.034263,-0.133438,-0.151484,empirical
prime_pair,pq_4,14.511059,15,0.502156,0.497844,0.0,0.500009,1.037351,-0.133419,-0.149627,empirical
prime_pair,pq_5,15.916988,16,0.500157,0.499843,0.0,0.5,1.034268,-0.134392,-0.151484,empirical
prime_pair,pq_6,16.040146,17,0.500984,0.499016,0.0,0.500002,1.032258,-0.133023,-0.152262,empirical
prime_pair,pq_7,14.44247,15,0.504012,0.495988,0.0,0.500032,1.037303,-0.131563,-0.149627,empirical
prime_pair,pq_8,15.464306,16,0.502983,0.497017,0.0,0.500018,1.034231,-0.131566,-0.151484,empirical
prime_pair,pq_9,14.58621,15,0.500829,0.499171,-0.0,0.500001,1.037367,-0.134746,-0.149627,empirical
prime_pair,pq_10,15.818238,16,0.505065,0.494935,-0.0,0.500051,1.034162,-0.129484,-0.151484,empirical
prime_pair,pq_11,15.725076,16,0.500179,0.499821,0.0,0.5,1.034268,-0.13437,-0.151484,empirical
prime_pair,pq_12,15.969506,16,0.502148,0.497852,0.0,0.500009,1.034249,-0.132401,-0.151484,empirical
prime_pair,pq_13,15.9784,16,0.501519,0.498481,-0.0,0.500005,1.034258,-0.13303,-0.151484,empirical
prime_pair,pq_14,15.366989,16,0.500201,0.499799,0.0,0.5,1.034268,-0.134348,-0.151484,empirical
prime_pair,pq_15,14.261629,15,0.50328,0.49672,0.0,0.500022,1.037325,-0.132295,-0.149627,empirical
prime_pair,pq_16,14.459237,15,0.502516,0.497484,0.0,0.500013,1.037344,-0.133059,-0.149627,empirical
prime_pair,pq_17,16.033066,17,0.502137,0.497863,0.0,0.500009,1.032243,-0.13187,-0.152262,empirical
prime_pair,pq_18,14.664391,15,0.500652,0.499348,0.0,0.500001,1.037368,-0.134923,-0.149627,empirical
prime_pair,pq_19,15.405128,16,0.503966,0.496034,-0.0,0.500031,1.034203,-0.130583,-0.151484,empirical
prime_pair,pq_20,14.363974,15,0.503265,0.496735,-0.0,0.500021,1.037326,-0.13231,-0.149627,empirical
prime_pair,pq_21,15.837999,16,0.504046,0.495954,-0.0,0.500033,1.0342,-0.130503,-0.151484,empirical
prime_pair,pq_22,15.086657,16,0.504481,0.495519,0.0,0.50004,1.034185,-0.130068,-0.151484,empirical
prime_pair,pq_23,14.818793,15,0.500679,0.499321,0.0,0.500001,1.037368,-0.134896,-0.149627,empirical
prime_pair,pq_24,14.796793,15,0.501401,0.498599,0.0,0.500004,1.037362,-0.134174,-0.149627,empirical
prime_pair,pq_25,15.392252,16,0.504689,0.495311,0.0,0.500044,1.034177,-0.12986,-0.151484,empirical
prime_pair,pq_26,14.41822,15,0.50138,0.49862,-0.0,0.500004,1.037362,-0.134195,-0.149627,empirical
prime_pair,pq_27,15.253542,16,0.502341,0.497659,-0.0,0.500011,1.034245,-0.132208,-0.151484,empirical
prime_pair,pq_28,14.584971,15,0.505029,0.494971,0.0,0.500051,1.037265,-0.130546,-0.149627,empirical
prime_pair,pq_29,15.857741,16,0.503498,0.496502,-0.0,0.500024,1.034217,-0.131051,-0.151484,empirical
prime_pair,pq_30,14.994116,15,0.500485,0.499515,0.0,0.5,1.037369,-0.13509,-0.149627,empirical
prime_pair,pq_31,15.095644,16,0.505389,0.494611,-0.0,0.500058,1.034148,-0.12916,-0.151484,empirical
prime_pair,pq_32,16.21138,17,0.500852,0.499148,0.0,0.500001,1.032259,-0.133155,-0.152262,empirical
prime_pair,pq_33,15.660753,16,0.500026,0.499974,-0.0,0.5,1.034268,-0.134523,-0.151484,empirical
prime_pair,pq_34,15.285272,16,0.503719,0.496281,-0.0,0.500028,1.034211,-0.13083,-0.151484,empirical
prime_pair,pq_35,15.854881,16,0.501345,0.498655,0.0,0.500004,1.034261,-0.133204,-0.151484,empirical
prime_pair,pq_36,15.665974,16,0.501701,0.498299,0.0,0.500006,1.034256,-0.132848,-0.151484,empirical
prime_pair,pq_37,14.830674,15,0.500043,0.499957,-0.0,0.5,1.03737,-0.135532,-0.149627,empirical
prime_pair,pq_38,15.487698,16,0.502078,0.497922,0.0,0.500009,1.03425,-0.132471,-0.151484,empirical
prime_pair,pq_39,14.403423,15,0.500565,0.499435,-0.0,0.500001,1.037369,-0.13501,-0.149627,empirical
prime_pair,pq_40,14.578474,15,0.505422,0.494578,0.0,0.500059,1.037248,-0.130153,-0.149627,empirical
prime_pair,pq_41,15.149455,16,0.502614,0.497386,0.0,0.500014,1.03424,-0.131935,-0.151484,empirical
prime_pair,pq_42,14.468396,15,0.500725,0.499275,0.0,0.500001,1.037368,-0.13485,-0.149627,empirical
prime_pair,pq_43,16.029719,17,0.501916,0.498084,-0.0,0.500007,1.032247,-0.132091,-0.152262,empirical
prime_pair,pq_44,15.70156,16,0.506126,0.493874,-0.0,0.500075,1.034113,-0.128423,-0.151484,empirical
prime_pair,pq_45,14.847444,15,0.50116,0.49884,-0.0,0.500003,1.037364,-0.134415,-0.149627,empirical
prime_pair,pq_46,15.87362,16,0.501823,0.498177,0.0,0.500007,1.034254,-0.132726,-0.151484,empirical
prime_pair,pq_47,14.586359,15,0.50519,0.49481,0.0,0.500054,1.037258,-0.130385,-0.149627,empirical
prime_pair,pq_48,15.82686,16,0.502584,0.497416,0.0,0.500013,1.03424,-0.131965,-0.151484,empirical
prime_pair,pq_49,16.230926,17,0.501879,0.498121,0.0,0.500007,1.032247,-0.132128,-0.152262,empirical
prime_pair,pq_50,15.587677,16,0.501195,0.498805,-0.0,0.500003,1.034262,-0.133354,-0.151484,empirical
prime_pair,pq_51,14.711129,15,0.500581,0.499419,-0.0,0.500001,1.037369,-0.134994,-0.149627,empirical
prime_pair,pq_52,15.245744,16,0.50231,0.49769,0.0,0.500011,1.034246,-0.132239,-0.151484,empirical
prime_pair,pq_53,14.323435,15,0.501299,0.498701,0.0,0.500003,1.037363,-0.134276,-0.149627,empirical
prime_pair,pq_54,15.283112,16,0.501211,0.498789,-0.0,0.500003,1.034262,-0.133338,-0.151484,empirical
prime_pair,pq_55,14.839587,15,0.503481,0.496519,0.0,0.500024,1.03732,-0.132094,-0.149627,empirical
prime_pair,pq_56,15.84434,16,0.502004,0.497996,0.0,0.500008,1.034251,-0.132545,-0.151484,empirical
prime_pair,pq_57,15.778973,16,0.504444,0.495556,-0.0,0.500039,1.034186,-0.130105,-0.151484,empirical
prime_pair,pq_58,16.074085,17,0.502748,0.497252,0.0,0.500015,1.032231,-0.131259,-0.152262,empirical
prime_pair,pq_59,14.8,15,0.500886,0.499114,-0.0,0.500002,1.037367,-0.134689,-0.149627,empirical
prime_pair,pq_60,15.193142,16,0.501452,0.498548,-0.0,0.500004,1.034259,-0.133097,-0.151484,empirical
prime_pair,pq_61,14.755596,15,0.50309,0.49691,0.0,0.500019,1.03733,-0.132485,-0.149627,empirical
prime_pair,pq_62,15.30823,16,0.500836,0.499164,0.0,0.500001,1.034265,-0.133713,-0.151484,empirical
prime_pair,pq_63,14.89147,15,0.504737,0.495263,0.0,0.500045,1.037277,-0.130838,-0.149627,empirical
prime_pair,pq_64,15.637644,16,0.501895,0.498105,0.0,0.500007,1.034253,-0.132654,-0.151484,empirical
prime_pair,pq_65,15.04226,16,0.502562,0.497438,-0.0,0.500013,1.034241,-0.131987,-0.151484,empirical
prime_pair,pq_66,16.08367,17,0.500437,0.499563,0.0,0.5,1.032261,-0.13357,-0.152262,empirical
prime_pair,pq_67,15.694353,16,0.504958,0.495042,-0.0,0.500049,1.034166,-0.129591,-0.151484,empirical
prime_pair,pq_68,15.001533,16,0.506292,0.493708,0.0,0.500079,1.034104,-0.128257,-0.151484,empirical
prime_pair,pq_69,15.723181,16,0.504253,0.495747,-0.0,0.500036,1.034193,-0.130296,-0.151484,empirical
prime_pair,pq_70,15.280971,16,0.500222,0.499778,0.0,0.5,1.034268,-0.134327,-0.151484,empirical
prime_pair,pq_71,14.639028,15,0.502337,0.497663,0.0,0.500011,1.037347,-0.133238,-0.149627,empirical
prime_pair,pq_72,16.287223,17,0.500036,0.499964,0.0,0.5,1.032262,-0.133971,-0.152262,empirical
prime_pair,pq_73,15.40714,16,0.504412,0.495588,-0.0,0.500039,1.034187,-0.130137,-0.151484,empirical
prime_pair,pq_74,15.554229,16,0.50371,0.49629,-0.0,0.500028,1.034211,-0.130839,-0.151484,empirical
prime_pair,pq_75,15.831322,16,0.502787,0.497213,0.0,0.500016,1.034236,-0.131762,-0.151484,empirical
prime_pair,pq_76,15.870952,16,0.500831,0.499169,0.0,0.500001,1.034265,-0.133718,-0.151484,empirical
prime_pair,pq_77,15.877916,16,0.500484,0.499516,0.0,0.5,1.034267,-0.134065,-0.151484,empirical
prime_pair,pq_78,14.268473,15,0.504463,0.495537,0.0,0.50004,1.037287,-0.131112,-0.149627,empirical
prime_pair,pq_79,15.81324,16,0.502626,0.497374,0.0,0.500014,1.034239,-0.131923,-0.151484,empirical
prime_pair,pq_80,14.842927,15,0.505283,0.494717,0.0,0.500056,1.037254,-0.130292,-0.149627,empirical
prime_pair,pq_81,15.230574,16,0.500339,0.499661,0.0,0.5,1.034268,-0.13421,-0.151484,empirical
prime_pair,pq_82,15.372716,16,0.501148,0.498852,-0.0,0.500003,1.034263,-0.133401,-0.151484,empirical
prime_pair,pq_83,15.412891,16,0.504601,0.495399,0.0,0.500042,1.03418,-0.129948,-0.151484,empirical
prime_pair,pq_84,15.527618,16,0.501446,0.498554,0.0,0.500004,1.034259,-0.133103,-0.151484,empirical
prime_pair,pq_85,14.44268,15,0.503308,0.496692,-0.0,0.500022,1.037325,-0.132267,-0.149627,empirical
prime_pair,pq_86,14.816702,15,0.504969,0.495031,0.0,0.500049,1.037268,-0.130606,-0.149627,empirical
prime_pair,pq_87,16.110177,17,0.503177,0.496823,0.0,0.50002,1.03222,-0.13083,-0.152262,empirical
prime_pair,pq_88,14.679578,15,0.505924,0.494076,0.0,0.50007,1.037224,-0.129651,-0.149627,empirical
prime_pair,pq_89,15.673172,16,0.502117,0.497883,-0.0,0.500009,1.034249,-0.132432,-0.151484,empirical
prime_pair,pq_90,15.530448,16,0.502564,0.497436,-0.0,0.500013,1.034241,-0.131985,-0.151484,empirical
prime_pair,pq_91,15.907327,16,0.500939,0.499061,0.0,0.500002,1.034264,-0.13361,-0.151484,empirical
prime_pair,pq_92,15.638437,16,0.504169,0.495831,0.0,0.500035,1.034196,-0.13038,-0.151484,empirical
prime_pair,pq_93,14.638618,15,0.502496,0.497504,0.0,0.500012,1.037344,-0.133079,-0.149627,empirical
prime_pair,pq_94,15.294873,16,0.503044,0.496956,0.0,0.500019,1.03423,-0.131505,-0.151484,empirical
prime_pair,pq_95,14.760698,15,0.505829,0.494171,0.0,0.500068,1.037229,-0.129746,-0.149627,empirical
prime_pair,pq_96,15.232008,16,0.501392,0.498608,-0.0,0.500004,1.03426,-0.133157,-0.151484,empirical
prime_pair,pq_97,15.417815,16,0.504816,0.495184,0.0,0.500046,1.034172,-0.129733,-0.151484,empirical
prime_pair,pq_98,14.676561,15,0.500482,0.499518,-0.0,0.5,1.037369,-0.135093,-0.149627,empirical
prime_pair,pq_99,14.940674,15,0.503866,0.496134,-0.0,0.50003,1.037308,-0.131709,-0.149627,empirical
prime_pair,pq_100,15.9898,16,0.50198,0.49802,-0.0,0.500008,1.034252,-0.132569,-0.151484,empirical
prime_pair,pq_101,15.896443,16,0.501422,0.498578,0.0,0.500004,1.03426,-0.133127,-0.151484,empirical
prime_pair,pq_102,15.879042,16,0.505253,0.494747,0.0,0.500055,1.034154,-0.129296,-0.151484,empirical
prime_pair,pq_103,15.185813,16,0.504121,0.495879,0.0,0.500034,1.034198,-0.130428,-0.151484,empirical
prime_pair,pq_104,15.949923,16,0.500354,0.499646,0.0,0.5,1.034267,-0.134195,-0.151484,empirical
prime_pair,pq_105,14.488882,15,0.501517,0.498483,-0.0,0.500005,1.03736,-0.134058,-0.149627,empirical
prime_pair,pq_106,16.07593,17,0.501906,0.498094,0.0,0.500007,1.032247,-0.132101,-0.152262,empirical
prime_pair,pq_107,14.55402,15,0.503685,0.496315,-0.0,0.500027,1.037314,-0.13189,-0.149627,empirical
prime_pair,pq_108,15.108813,16,0.500691,0.499309,0.0,0.500001,1.034266,-0.133858,-0.151484,empirical
prime_pair,pq_109,14.916063,15,0.500162,0.499838,0.0,0.5,1.03737,-0.135413,-0.149627,empirical
prime_pair,pq_110,16.049302,17,0.503691,0.496309,0.0,0.500027,1.032206,-0.130316,-0.152262,empirical
prime_pair,pq_111,15.858253,16,0.502622,0.497378,0.0,0.500014,1.03424,-0.131927,-0.151484,empirical
prime_pair,pq_112,14.345142,15,0.500972,0.499028,0.0,0.500002,1.037366,-0.134603,-0.149627,empirical
prime_pair,pq_113,16.166819,17,0.502654,0.497346,0.0,0.500014,1.032233,-0.131353,-0.152262,empirical
prime_pair,pq_114,14.673232,15,0.502306,0.497694,-0.0,0.500011,1.037348,-0.133269,-0.149627,empirical
prime_pair,pq_115,15.757079,16,0.501849,0.498151,-0.0,0.500007,1.034254,-0.1327,-0.151484,empirical
prime_pair,pq_116,14.842444,15,0.503464,0.496536,-0.0,0.500024,1.03732,-0.132111,-0.149627,empirical
prime_pair,pq_117,14.279839,15,0.503768,0.496232,0.0,0.500028,1.037311,-0.131807,-0.149627,empirical
prime_pair,pq_118,14.693727,15,0.501586,0.498414,0.0,0.500005,1.03736,-0.133989,-0.149627,empirical
prime_pair,pq_119,14.368387,15,0.502495,0.497505,-0.0,0.500012,1.037344,-0.13308,-0.149627,empirical
prime_pair,pq_120,14.822522,15,0.501049,0.498951,0.0,0.500002,1.037365,-0.134526,-0.149627,empirical
prime_pair,pq_121,15.930621,16,0.503632,0.496368,0.0,0.500026,1.034213,-0.130917,-0.151484,empirical
prime_pair,pq_122,16.125684,17,0.501904,0.498096,0.0,0.500007,1.032247,-0.132103,-0.152262,empirical
prime_pair,pq_123,14.45902,15,0.501835,0.498165,-0.0,0.500007,1.037356,-0.13374,-0.149627,empirical
prime_pair,pq_124,15.888521,16,0.501757,0.498243,0.0,0.500006,1.034255,-0.132792,-0.151484,empirical
prime_pair,pq_125,15.684259,16,0.500299,0.499701,0.0,0.5,1.034268,-0.13425,-0.151484,empirical
prime_pair,pq_126,14.339597,15,0.500219,0.499781,0.0,0.5,1.03737,-0.135356,-0.149627,empirical
prime_pair,pq_127,15.63474,16,0.501473,0.498527,-0.0,0.500004,1.034259,-0.133076,-0.151484,empirical
prime_pair,pq_128,14.43743,15,0.500826,0.499174,-0.0,0.500001,1.037367,-0.134749,-0.149627,empirical
prime_pair,pq_129,15.255319,16,0.500782,0.499218,-0.0,0.500001,1.034265,-0.133767,-0.151484,empirical
prime_pair,pq_130,15.774142,16,0.501278,0.498722,-0.0,0.500003,1.034261,-0.133271,-0.151484,empirical
prime_pair,pq_131,15.51639,16,0.500575,0.499425,0.0,0.500001,1.034267,-0.133974,-0.151484,empirical
prime_pair,pq_132,14.279858,15,0.503295,0.496705,0.0,0.500022,1.037325,-0.13228,-0.149627,empirical
prime_pair,pq_133,15.475896,16,0.50137,0.49863,-0.0,0.500004,1.03426,-0.133179,-0.151484,empirical
prime_pair,pq_134,15.850058,16,0.500817,0.499183,-0.0,0.500001,1.034265,-0.133732,-0.151484,empirical
prime_pair,pq_135,14.591536,15,0.501708,0.498292,0.0,0.500006,1.037358,-0.133867,-0.149627,empirical
prime_pair,pq_136,15.163158,16,0.501726,0.498274,0.0,0.500006,1.034256,-0.132823,-0.151484,empirical
prime_pair,pq_137,15.408858,16,0.500632,0.499368,0.0,0.500001,1.034266,-0.133917,-0.151484,empirical
prime_pair,pq_138,14.640318,15,0.504582,0.495418,0.0,0.500042,1.037283,-0.130993,-0.149627,empirical
prime_pair,pq_139,15.042755,16,0.501114,0.498886,-0.0,0.500002,1.034263,-0.133435,-0.151484,empirical
prime_pair,pq_140,15.117977,16,0.503554,0.496446,0.0,0.500025,1.034216,-0.130995,-0.151484,empirical
prime_pair,pq_141,15.587169,16,0.500059,0.499941,-0.0,0.5,1.034268,-0.13449,-0.151484,empirical
prime_pair,pq_142,15.011073,16,0.503281,0.496719,0.0,0.500022,1.034223,-0.131268,-0.151484,empirical
prime_pair,pq_143,15.569792,16,0.506016,0.493984,-0.0,0.500072,1.034118,-0.128533,-0.151484,empirical
prime_pair,pq_144,14.934359,15,0.501883,0.498117,-0.0,0.500007,1.037355,-0.133692,-0.149627,empirical
prime_pair,pq_145,14.641282,15,0.504484,0.495516,-0.0,0.50004,1.037287,-0.131091,-0.149627,empirical
prime_pair,pq_146,15.271493,16,0.502376,0.497624,0.0,0.500011,1.034245,-0.132173,-0.151484,empirical
prime_pair,pq_147,16.070836,17,0.500225,0.499775,-0.0,0.5,1.032262,-0.133782,-0.152262,empirical
prime_pair,pq_148,14.492461,15,0.501953,0.498047,0.0,0.500008,1.037354,-0.133622,-0.149627,empirical
prime_pair,pq_149,15.660938,16,0.50305,0.49695,-0.0,0.500019,1.03423,-0.131499,-0.151484,empirical
prime_pair,pq_150,15.596003,16,0.500646,0.499354,-0.0,0.500001,1.034266,-0.133903,-0.151484,empirical
prime_pair,pq_151,14.231865,15,0.500982,0.499018,0.0,0.500002,1.037366,-0.134593,-0.149627,empirical
prime_pair,pq_152,14.883748,15,0.502052,0.497948,0.0,0.500008,1.037353,-0.133523,-0.149627,empirical
prime_pair,pq_153,14.145948,15,0.502872,0.497128,0.0,0.500016,1.037336,-0.132703,-0.149627,empirical
prime_pair,pq_154,14.158604,15,0.500195,0.499805,-0.0,0.5,1.03737,-0.13538,-0.149627,empirical
prime_pair,pq_155,15.633797,16,0.501182,0.498818,0.0,0.500003,1.034262,-0.133367,-0.151484,empirical
prime_pair,pq_156,14.878257,15,0.501263,0.498737,-0.0,0.500003,1.037363,-0.134312,-0.149627,empirical
prime_pair,pq_157,16.034684,17,0.502912,0.497088,0.0,0.500017,1.032227,-0.131095,-0.152262,empirical
prime_pair,pq_158,15.343681,16,0.500133,0.499867,-0.0,0.5,1.034268,-0.134416,-0.151484,empirical
prime_pair,pq_159,15.736023,16,0.500405,0.499595,0.0,0.5,1.034267,-0.134144,-0.151484,empirical
prime_pair,pq_160,14.487286,15,0.502707,0.497293,0.0,0.500015,1.03734,-0.132868,-0.149627,empirical
prime_pair,pq_161,15.52709,16,0.504986,0.495014,0.0,0.50005,1.034165,-0.129563,-0.151484,empirical
prime_pair,pq_162,15.109356,16,0.501523,0.498477,0.0,0.500005,1.034258,-0.133026,-0.151484,empirical
prime_pair,pq_163,15.470928,16,0.504508,0.495492,0.0,0.500041,1.034184,-0.130041,-0.151484,empirical
prime_pair,pq_164,15.183216,16,0.502281,0.497719,-0.0,0.50001,1.034246,-0.132268,-0.151484,empirical
prime_pair,pq_165,16.073294,17,0.50193,0.49807,0.0,0.500007,1.032247,-0.132077,-0.152262,empirical
prime_pair,pq_166,15.874765,16,0.502456,0.497544,0.0,0.500012,1.034243,-0.132093,-0.151484,empirical
prime_pair,pq_167,15.039131,16,0.50069,0.49931,0.0,0.500001,1.034266,-0.133859,-0.151484,empirical
prime_pair,pq_168,15.912208,16,0.50042,0.49958,-0.0,0.5,1.034267,-0.134129,-0.151484,empirical
prime_pair,pq_169,14.442422,15,0.504981,0.495019,0.0,0.50005,1.037267,-0.130594,-0.149627,empirical
prime_pair,pq_170,14.51874,15,0.501927,0.498073,0.0,0.500007,1.037355,-0.133648,-0.149627,empirical
prime_pair,pq_171,15.869839,16,0.502725,0.497275,-0.0,0.500015,1.034237,-0.131824,-0.151484,empirical
prime_pair,pq_172,16.068377,17,0.500009,0.499991,0.0,0.5,1.032262,-0.133998,-0.152262,empirical
prime_pair,pq_173,14.786697,15,0.500526,0.499474,-0.0,0.500001,1.037369,-0.135049,-0.149627,empirical
prime_pair,pq_174,15.578191,16,0.504849,0.495151,0.0,0.500047,1.034171,-0.1297,-0.151484,empirical
prime_pair,pq_175,14.365888,15,0.502008,0.497992,0.0,0.500008,1.037353,-0.133567,-0.149627,empirical
prime_pair,pq_176,14.418337,15,0.503729,0.496271,-0.0,0.500028,1.037312,-0.131846,-0.149627,empirical
prime_pair,pq_177,14.978319,15,0.501776,0.498224,-0.0,0.500006,1.037357,-0.133799,-0.149627,empirical
prime_pair,pq_178,15.806992,16,0.503816,0.496184,0.0,0.500029,1.034208,-0.130733,-0.151484,empirical
prime_pair,pq_179,14.347129,15,0.500567,0.499433,0.0,0.500001,1.037369,-0.135008,-0.149627,empirical
prime_pair,pq_180,15.551132,16,0.50242,0.49758,-0.0,0.500012,1.034244,-0.132129,-0.151484,empirical
prime_pair,pq_181,15.61527,16,0.502574,0.497426,-0.0,0.500013,1.034241,-0.131975,-0.151484,empirical
prime_pair,pq_182,14.929952,15,0.502121,0.497879,0.0,0.500009,1.037351,-0.133454,-0.149627,empirical
prime_pair,pq_183,14.406466,15,0.500279,0.499721,0.0,0.5,1.03737,-0.135296,-0.149627,empirical
prime_pair,pq_184,14.575752,15,0.500219,0.499781,0.0,0.5,1.03737,-0.135356,-0.149627,empirical
prime_pair,pq_185,15.783518,16,0.504002,0.495998,-0.0,0.500032,1.034202,-0.130547,-0.151484,empirical
prime_pair,pq_186,15.765332,16,0.501641,0.498359,0.0,0.500005,1.034257,-0.132908,-0.151484,empirical
prime_pair,pq_187,14.347614,15,0.504663,0.495337,0.0,0.500043,1.03728,-0.130912,-0.149627,empirical
prime_pair,pq_188,15.527679,16,0.50434,0.49566,0.0,0.500038,1.03419,-0.130209,-0.151484,empirical
prime_pair,pq_189,15.551092,16,0.505858,0.494142,-0.0,0.500069,1.034126,-0.128691,-0.151484,empirical
prime_pair,pq_190,14.684934,15,0.502024,0.497976,-0.0,0.500008,1.037353,-0.133551,-0.149627,empirical
prime_pair,pq_191,14.792771,15,0.501449,0.498551,-0.0,0.500004,1.037361,-0.134126,-0.149627,empirical
prime_pair,pq_192,14.552,15,0.503326,0.496674,-0.0,0.500022,1.037324,-0.132249,-0.149627,empirical
prime_pair,pq_193,16.153595,17,0.500946,0.499054,-0.0,0.500002,1.032258,-0.133061,-0.152262,empirical
prime_pair,pq_194,15.142625,16,0.502701,0.497299,0.0,0.500015,1.034238,-0.131848,-0.151484,empirical
prime_pair,pq_195,14.729655,15,0.501701,0.498299,0.0,0.500006,1.037358,-0.133874,-0.149627,empirical
prime_pair,pq_196,15.945848,16,0.500133,0.499867,0.0,0.5,1.034268,-0.134416,-0.151484,empirical
prime_pair,pq_197,16.051163,17,0.501299,0.498701,0.0,0.500003,1.032255,-0.132708,-0.152262,empirical
prime_pair,pq_198,14.910333,15,0.500481,0.499519,0.0,0.5,1.037369,-0.135094,-0.149627,empirical
prime_pair,pq_199,15.07618,16,0.500036,0.499964,-0.0,0.5,1.034268,-0.134513,-0.151484,empirical
prime_pair,pq_200,16.12282,17,0.501685,0.498315,0.0,0.500006,1.03225,-0.132322,-0.152262,empirical
prime_pair,pq_201,15.62709,16,0.501037,0.498963,0.0,0.500002,1.034264,-0.133512,-0.151484,empirical
prime_pair,pq_202,15.880518,16,0.500817,0.499183,0.0,0.500001,1.034265,-0.133732,-0.151484,empirical
prime_pair,pq_203,16.032057,17,0.505698,0.494302,0.0,0.500065,1.032128,-0.128309,-0.152262,empirical
prime_pair,pq_204,15.528142,16,0.501052,0.498948,0.0,0.500002,1.034263,-0.133497,-0.151484,empirical
prime_pair,pq_205,14.342894,15,0.500648,0.499352,0.0,0.500001,1.037368,-0.134927,-0.149627,empirical
prime_pair,pq_206,15.521571,16,0.504181,0.495819,-0.0,0.500035,1.034196,-0.130368,-0.151484,empirical
prime_pair,pq_207,16.157252,17,0.500153,0.499847,-0.0,0.5,1.032262,-0.133854,-0.152262,empirical
prime_pair,pq_208,14.991603,15,0.501576,0.498424,0.0,0.500005,1.03736,-0.133999,-0.149627,empirical
prime_pair,pq_209,14.672926,15,0.502388,0.497612,0.0,0.500011,1.037346,-0.133187,-0.149627,empirical
prime_pair,pq_210,15.833863,16,0.501594,0.498406,0.0,0.500005,1.034257,-0.132955,-0.151484,empirical
prime_pair,pq_211,14.457111,15,0.500315,0.499685,0.0,0.5,1.03737,-0.13526,-0.149627,empirical
prime_pair,pq_212,15.767577,16,0.501427,0.498573,-0.0,0.500004,1.03426,-0.133122,-0.151484,empirical
prime_pair,pq_213,15.61368,16,0.501009,0.498991,-0.0,0.500002,1.034264,-0.13354,-0.151484,empirical
prime_pair,pq_214,14.599447,15,0.502054,0.497946,-0.0,0.500008,1.037352,-0.133521,-0.149627,empirical
prime_pair,pq_215,15.950423,16,0.502228,0.497772,0.0,0.50001,1.034247,-0.132321,-0.151484,empirical
prime_pair,pq_216,14.446628,15,0.505264,0.494736,-0.0,0.500055,1.037255,-0.130311,-0.149627,empirical
prime_pair,pq_217,15.907816,16,0.503822,0.496178,0.0,0.500029,1.034208,-0.130727,-0.151484,empirical
prime_pair,pq_218,15.009026,16,0.503015,0.496985,0.0,0.500018,1.03423,-0.131534,-0.151484,empirical
prime_pair,pq_219,15.854691,16,0.504905,0.495095,0.0,0.500048,1.034168,-0.129644,-0.151484,empirical
prime_pair,pq_220,14.326919,15,0.502474,0.497526,-0.0,0.500012,1.037345,-0.133101,-0.149627,empirical
prime_pair,pq_221,15.271295,16,0.502024,0.497976,-0.0,0.500008,1.034251,-0.132525,-0.151484,empirical
prime_pair,pq_222,15.595943,16,0.502838,0.497162,-0.0,0.500016,1.034235,-0.131711,-0.151484,empirical
prime_pair,pq_223,14.339726,15,0.500837,0.499163,0.0,0.500001,1.037367,-0.134738,-0.149627,empirical
prime_pair,pq_224,15.517103,16,0.504568,0.495432,-0.0,0.500042,1.034182,-0.129981,-0.151484,empirical
prime_pair,pq_225,15.172505,16,0.501983,0.498017,-0.0,0.500008,1.034252,-0.132566,-0.151484,empirical
prime_pair,pq_226,14.361351,15,0.50517,0.49483,0.0,0.500053,1.037259,-0.130405,-0.149627,empirical
prime_pair,pq_227,15.505144,16,0.500972,0.499028,0.0,0.500002,1.034264,-0.133577,-0.151484,empirical
prime_pair,pq_228,15.517625,16,0.503255,0.496745,-0.0,0.500021,1.034224,-0.131294,-0.151484,empirical
prime_pair,pq_229,15.58922,16,0.503817,0.496183,0.0,0.500029,1.034208,-0.130732,-0.151484,empirical
prime_pair,pq_230,15.215872,16,0.504408,0.495592,0.0,0.500039,1.034188,-0.130141,-0.151484,empirical
prime_pair,pq_231,14.530394,15,0.500009,0.499991,-0.0,0.5,1.03737,-0.135566,-0.149627,empirical
prime_pair,pq_232,15.03233,16,0.502663,0.497337,-0.0,0.500014,1.034239,-0.131886,-0.151484,empirical
prime_pair,pq_233,14.525024,15,0.503879,0.496121,0.0,0.50003,1.037308,-0.131696,-0.149627,empirical
prime_pair,pq_234,15.385559,16,0.501274,0.498726,0.0,0.500003,1.034261,-0.133275,-0.151484,empirical
prime_pair,pq_235,15.169449,16,0.502772,0.497228,-0.0,0.500015,1.034236,-0.131777,-0.151484,empirical
prime_pair,pq_236,16.046298,17,0.500246,0.499754,0.0,0.5,1.032262,-0.133761,-0.152262,empirical
prime_pair,pq_237,15.83357,16,0.503201,0.496799,0.0,0.50002,1.034226,-0.131348,-0.151484,empirical
prime_pair,pq_238,14.941851,15,0.505367,0.494633,0.0,0.500058,1.03725,-0.130208,-0.149627,empirical
prime_pair,pq_239,14.763141,15,0.504048,0.495952,0.0,0.500033,1.037302,-0.131527,-0.149627,empirical
prime_pair,pq_240,16.197788,17,0.500308,0.499692,0.0,0.5,1.032262,-0.133699,-0.152262,empirical
prime_pair,pq_241,16.061277,17,0.501678,0.498322,0.0,0.500006,1.03225,-0.132329,-0.152262,empirical
prime_pair,pq_242,14.82478,15,0.501367,0.498633,0.0,0.500004,1.037362,-0.134208,-0.149627,empirical
prime_pair,pq_243,14.528217,15,0.500753,0.499247,0.0,0.500001,1.037368,-0.134822,-0.149627,empirical
prime_pair,pq_244,15.339375,16,0.500969,0.499031,-0.0,0.500002,1.034264,-0.13358,-0.151484,empirical
prime_pair,pq_245,14.893142,15,0.501684,0.498316,0.0,0.500006,1.037358,-0.133891,-0.149627,empirical
prime_pair,pq_246,14.821999,15,0.501396,0.498604,0.0,0.500004,1.037362,-0.134179,-0.149627,empirical
prime_pair,pq_247,15.377261,16,0.503452,0.496548,-0.0,0.500024,1.034219,-0.131097,-0.151484,empirical
prime_pair,pq_248,14.244886,15,0.502343,0.497657,0.0,0.500011,1.037347,-0.133232,-0.149627,empirical
prime_pair,pq_249,14.407672,15,0.503638,0.496362,-0.0,0.500026,1.037315,-0.131937,-0.149627,empirical
prime_pair,pq_250,15.024132,16,0.500625,0.499375,-0.0,0.500001,1.034266,-0.133924,-0.151484,empirical
prime_pair,pq_251,15.423247,16,0.500333,0.499667,0.0,0.5,1.034268,-0.134216,-0.151484,empirical
prime_pair,pq_252,15.810441,16,0.503829,0.496171,-0.0,0.500029,1.034207,-0.13072,-0.151484,empirical
prime_pair,pq_253,14.933655,15,0.503201,0.496799,-0.0,0.50002,1.037327,-0.132374,-0.149627,empirical
prime_pair,pq_254,16.045761,17,0.50138,0.49862,0.0,0.500004,1.032254,-0.132627,-0.152262,empirical
prime_pair,pq_255,16.037101,17,0.501572,0.498428,0.0,0.500005,1.032252,-0.132435,-0.152262,empirical
prime_pair,pq_256,14.98196,15,0.502201,0.497799,0.0,0.50001,1.03735,-0.133374,-0.149627,empirical
prime_pair,pq_257,15.37015,16,0.501108,0.498892,0.0,0.500002,1.034263,-0.133441,-0.151484,empirical
prime_pair,pq_258,15.187072,16,0.503641,0.496359,0.0,0.500027,1.034213,-0.130908,-0.151484,empirical
prime_pair,pq_259,14.242727,15,0.504173,0.495827,-0.0,0.500035,1.037298,-0.131402,-0.149627,empirical
prime_pair,pq_260,15.217646,16,0.501644,0.498356,-0.0,0.500005,1.034257,-0.132905,-0.151484,empirical
prime_pair,pq_261,15.431663,16,0.500735,0.499265,0.0,0.500001,1.034266,-0.133814,-0.151484,empirical
prime_pair,pq_262,15.383792,16,0.500261,0.499739,-0.0,0.5,1.034268,-0.134288,-0.151484,empirical
prime_pair,pq_263,14.350435,15,0.50351,0.49649,0.0,0.500025,1.037319,-0.132065,-0.149627,empirical
prime_pair,pq_264,14.577579,15,0.503968,0.496032,0.0,0.500031,1.037305,-0.131607,-0.149627,empirical
prime_pair,pq_265,14.382077,15,0.501915,0.498085,0.0,0.500007,1.037355,-0.13366,-0.149627,empirical
prime_pair,pq_266,15.989251,16,0.504459,0.495541,-0.0,0.50004,1.034186,-0.13009,-0.151484,empirical
prime_pair,pq_267,16.206445,17,0.501328,0.498672,-0.0,0.500004,1.032255,-0.132679,-0.152262,empirical
prime_pair,pq_268,15.725366,16,0.504521,0.495479,-0.0,0.500041,1.034183,-0.130028,-0.151484,empirical
prime_pair,pq_269,15.083624,16,0.501292,0.498708,0.0,0.500003,1.034261,-0.133257,-0.151484,empirical
prime_pair,pq_270,14.93454,15,0.502119,0.497881,-0.0,0.500009,1.037351,-0.133456,-0.149627,empirical
prime_pair,pq_271,15.305998,16,0.503375,0.496625,0.0,0.500023,1.034221,-0.131174,-0.151484,empirical
prime_pair,pq_272,14.71327,15,0.500115,0.499885,0.0,0.5,1.03737,-0.13546,-0.149627,empirical
prime_pair,pq_273,14.38988,15,0.500894,0.499106,0.0,0.500002,1.037367,-0.134681,-0.149627,empirical
prime_pair,pq_274,14.598432,15,0.500205,0.499795,-0.0,0.5,1.03737,-0.13537,-0.149627,empirical
prime_pair,pq_275,14.82888,15,0.501603,0.498397,0.0,0.500005,1.037359,-0.133972,-0.149627,empirical
prime_pair,pq_276,15.194224,16,0.501097,0.498903,0.0,0.500002,1.034263,-0.133452,-0.151484,empirical
prime_pair,pq_277,14.834108,15,0.502344,0.497656,-0.0,0.500011,1.037347,-0.133231,-0.149627,empirical
prime_pair,pq_278,15.103742,16,0.501772,0.498228,-0.0,0.500006,1.034255,-0.132777,-0.151484,empirical
prime_pair,pq_279,14.426318,15,0.500713,0.499287,0.0,0.500001,1.037368,-0.134862,-0.149627,empirical
prime_pair,pq_280,14.890057,15,0.501425,0.498575,0.0,0.500004,1.037362,-0.13415,-0.149627,empirical
prime_pair,pq_281,14.542237,15,0.501141,0.498859,0.0,0.500003,1.037365,-0.134434,-0.149627,empirical
prime_pair,pq_282,15.546299,16,0.501288,0.498712,0.0,0.500003,1.034261,-0.133261,-0.151484,empirical
prime_pair,pq_283,16.041661,17,0.501165,0.498835,0.0,0.500003,1.032256,-0.132842,-0.152262,empirical
prime_pair,pq_284,14.265186,15,0.500846,0.499154,0.0,0.500001,1.037367,-0.134729,-0.149627,empirical
prime_pair,pq_285,14.889275,15,0.504367,0.495633,-0.0,0.500038,1.037291,-0.131208,-0.149627,empirical
prime_pair,pq_286,14.696417,15,0.501796,0.498204,0.0,0.500006,1.037357,-0.133779,-0.149627,empirical
prime_pair,pq_287,16.171663,17,0.501351,0.498649,0.0,0.500004,1.032254,-0.132656,-0.152262,empirical
prime_pair,pq_288,14.698109,15,0.500385,0.499615,-0.0,0.5,1.037369,-0.13519,-0.149627,empirical
prime_pair,pq_289,15.579516,16,0.501577,0.498423,0.0,0.500005,1.034258,-0.132972,-0.151484,empirical
prime_pair,pq_290,15.046084,16,0.500576,0.499424,0.0,0.500001,1.034267,-0.133973,-0.151484,empirical
prime_pair,pq_291,15.372125,16,0.50032,0.49968,0.0,0.5,1.034268,-0.134229,-0.151484,empirical
prime_pair,pq_292,14.262779,15,0.500148,0.499852,0.0,0.5,1.03737,-0.135427,-0.149627,empirical
prime_pair,pq_293,15.050785,16,0.502614,0.497386,0.0,0.500014,1.03424,-0.131935,-0.151484,empirical
prime_pair,pq_294,14.328005,15,0.503127,0.496873,0.0,0.50002,1.037329,-0.132448,-0.149627,empirical
prime_pair,pq_295,15.470596,16,0.500562,0.499438,0.0,0.500001,1.034267,-0.133987,-0.151484,empirical
prime_pair,pq_296,16.140697,17,0.501516,0.498484,0.0,0.500005,1.032253,-0.132491,-0.152262,empirical
prime_pair,pq_297,14.98933,15,0.502383,0.497617,0.0,0.500011,1.037346,-0.133192,-0.149627,empirical
prime_pair,pq_298,14.867741,15,0.500016,0.499984,0.0,0.5,1.03737,-0.135559,-0.149627,empirical
prime_pair,pq_299,14.89426,15,0.50145,0.49855,0.0,0.500004,1.037361,-0.134125,-0.149627,empirical
